sample,average,sd,ratio,ava,avb,cumsum
630,0.004976794602901,0.062310621393477,0.079870726556769,0.048078520686874,0,0.004976794602901
357,0.004879069348978,0.061312354124443,0.079577263320781,0.043930260209771,0,0.009855863951878
626,0.00461412997414,0.05860941833394,0.078726766197378,0.034734695953197,0,0.014469993926019
560,0.004610326389598,0.055451409311081,0.083141735203416,0,0.277197076483452,0.019080320315617
620,0.004515597524527,0.055322525477651,0.081623127027179,0.079820226788247,0,0.023595917840144
851,0.004206635420645,0.054410484008183,0.07731295718694,0,0.025027574795217,0.027802553260789
244,0.004200275349049,0.054374788308612,0.077246743935985,0.024563284178575,0,0.032002828609838
648,0.004179076332285,0.054156769810719,0.077166277584332,0.024142710022442,0,0.036181904942123
69,0.004176123933795,0.054126394163192,0.077155036805223,0.024084780986004,0,0.040358028875918
621,0.004168012864027,0.054017825081618,0.077159953362234,0,0.024254363347758,0.044526041739945
589,0.004140505093125,0.053737846761262,0.077050074438602,0,0.023719809343658,0.04866654683307
263,0.004083846824923,0.053160268969499,0.076821410126154,0,0.022659182552496,0.052750393657993
852,0.004022869101594,0.052545075748693,0.076560344509437,0.021280029619186,0,0.056773262759587
453,0.004019540044708,0.05250311966423,0.076558118268281,0,0.021517758324777,0.060792802804295
548,0.004007537306844,0.049722454220547,0.080598139606471,0.047389507933356,0,0.064800340111139
415,0.003986661887453,0.052170016305679,0.076416726881864,0.020671291395132,0,0.068787001998592
62,0.003986183451127,0.052161520228508,0.076420001442908,0,0.02095037517672,0.072773185449719
627,0.003973436148667,0.052030837986059,0.076366945113039,0,0.020737826634465,0.076746621598386
23,0.003967572383381,0.051970697570215,0.076342488534432,0,0.020640833960389,0.080714193981766
97,0.003949935213992,0.051788930205968,0.076269874629253,0.020073151419255,0,0.084664129195759
84,0.003897010767985,0.051238553849644,0.076056220857064,0.019243926053973,0,0.088561139963744
161,0.003883169300697,0.051094363391012,0.075999954652149,0.019033195758621,0,0.092444309264441
559,0.003862153761763,0.04729649642436,0.08165834794845,0.069512468096745,0,0.096306463026204
239,0.003854412799431,0.050794453916945,0.075882552172599,0.01860325601892,0,0.100160875825635
41,0.003842341047934,0.047067736596185,0.081634285517036,0.068305674186643,0,0.104003216873569
149,0.00384095548216,0.050653939864599,0.075827378727636,0.01840563134995,0,0.107844172355729
164,0.003828276466411,0.050536740419396,0.075752342447113,0,0.01847346576889,0.11167244882214
133,0.003826089792102,0.050498595752583,0.075766261122352,0.018189922344161,0,0.115498538614242
171,0.003815810651812,0.050391102605825,0.075723896769254,0.018042340136769,0,0.119314349266054
946,0.003810498240752,0.050335523324919,0.075701969286284,0.017966566423861,0,0.123124847506806
46,0.003806151266564,0.046206963944225,0.082371810256963,0,0.087653337164814,0.12693099877337
42,0.003795527958417,0.050198017196378,0.075611113155491,0,0.017999733989883,0.130726526731787
545,0.003778337299522,0.050019947418911,0.075536610782078,0,0.017756169253645,0.134504864031309
37,0.003755132580913,0.049755224766588,0.075472125762245,0.017196605793742,0,0.138259996612222
136,0.003748961187749,0.049715220037636,0.075408721613029,0,0.017347884760857,0.142008957799971
625,0.003743849183289,0.04966213451147,0.075386392874916,0,0.017277839789347,0.145752806983259
208,0.003730742325853,0.049498953798743,0.075370124811571,0.016868521847642,0,0.149483549309113
295,0.003708604171581,0.049265997723597,0.075277155501601,0.016576412306914,0,0.153192153480694
96,0.003704748869978,0.0492555213076,0.075214895135146,0,0.01675169448272,0.156896902350672
122,0.003691422168345,0.049084960425098,0.075204749812896,0.016353344858134,0,0.160588324519017
258,0.003687797314427,0.049046740794405,0.075189446937685,0.016306685991852,0,0.164276121833444
175,0.003687470697774,0.049043296565341,0.07518806760596,0.016302488622678,0,0.167963592531218
174,0.003668496488614,0.048877584721716,0.075054782463183,0,0.016278658732514,0.171632089019832
125,0.003658797918102,0.048740638665438,0.075066679844237,0.015938357945888,0,0.175290886937935
649,0.003656559723918,0.048752937715971,0.075001833637603,0,0.016125928457771,0.178947446661852
188,0.003654589116137,0.048732350163479,0.074993081677311,0,0.016100856431669,0.182602035777989
66,0.003647750391428,0.044385173802624,0.082183983499732,0,0.074861482873662,0.186249786169417
123,0.003645649225768,0.048638916749239,0.074953339207033,0,0.015987615201823,0.189895435395185
183,0.003644617672104,0.048590736321014,0.075006430197436,0.015761405622029,0,0.193540053067289
132,0.003644193017917,0.048623691944282,0.074946859693274,0,0.015969246911398,0.197184246085206
632,0.003636658171647,0.048506529340173,0.074972549492126,0.015662973209601,0,0.200820904256854
276,0.003626753599149,0.048441238983209,0.074869133723149,0,0.01575094027308,0.204447657856003
137,0.003626023220684,0.048393943328873,0.074927211366978,0.015532445216975,0,0.208073681076687
610,0.00362427432477,0.048415282138207,0.074858064741286,0,0.015720153323994,0.211697955401456
115,0.003612218114377,0.048247668541762,0.074868241793907,0.015364680912093,0,0.215310173515833
211,0.003611434834373,0.048239364760822,0.074864892029131,0.015355218407738,0,0.218921608350206
50,0.003611210992321,0.043826913347829,0.082397109822939,0,0.084591020625966,0.222532819342527
221,0.003610562473538,0.048230116051337,0.074861160808632,0.015344686817023,0,0.226143381816065
243,0.003608378067861,0.048248745373121,0.074786982334087,0,0.015524211556873,0.229751759883927
607,0.003595442554892,0.048113084285987,0.074728997491,0,0.015366602107049,0.233347202438819
129,0.00358885247473,0.047999757704314,0.074768137306812,0.015084972410599,0,0.236936054913549
633,0.003580602493917,0.047957289382645,0.074662320160495,0,0.015187789584666,0.240516657407465
80,0.003571943326683,0.043765194194718,0.081616073969445,0,0.056001145967709,0.244088600734148
808,0.003563488387223,0.047777405524325,0.074585221782465,0,0.014984195219421,0.247652089121371
544,0.003556303735,0.047653693765711,0.074628081350523,0.014704016278272,0,0.251208392856371
259,0.003551827336022,0.047654703781594,0.074532565605709,0,0.014847056701509,0.254760220192394
194,0.003551284086813,0.047600247861112,0.074606420058469,0.014646147496143,0,0.258311504279207
19,0.003547009859729,0.047554722452739,0.074587962599378,0.014597055571863,0,0.261858514138936
120,0.003545143527441,0.047584324755183,0.074502339702833,0,0.014769025094747,0.265403657666376
309,0.003544578657644,0.047528820672268,0.074577458634743,0.014569206778382,0,0.26894823632402
199,0.00354295652794,0.047561288231069,0.074492442482359,0,0.014743582494688,0.27249119285196
127,0.003539597583896,0.047525899535708,0.07447723490719,0,0.014704592098083,0.276030790435857
352,0.00353752355425,0.047453628700015,0.074546955652494,0.014488698695883,0,0.279568313990107
190,0.00353411729676,0.04741731067974,0.07453221716073,0.014449991197649,0,0.283102431286867
434,0.003513920993108,0.047201775238132,0.074444678730423,0.014222639030724,0,0.286616352279975
285,0.003513871469219,0.047201246295245,0.074444463759268,0.01422208602567,0,0.290130223749194
179,0.003508102151101,0.047139612474673,0.074419410065911,0.014157812467222,0,0.293638325900294
54,0.003505266548245,0.042606614834677,0.0822704775267,0,0.075688793683273,0.29714359244854
49,0.003502246968042,0.042711065451565,0.081998585870304,0.076971861862658,0,0.300645839416582
235,0.003500760596417,0.047116046030193,0.074300814507506,0,0.014261244039952,0.304146600012998
27,0.003495415374507,0.047003979093802,0.074364244089461,0.014017508434535,0,0.307642015387506
225,0.003492478811833,0.047028482259966,0.074263056003526,0,0.014168452993525,0.311134494199338
11,0.003488388802674,0.046928798838574,0.074333647760163,0.013940407817235,0,0.314622883002013
568,0.003478536722055,0.046880938440774,0.074199383326109,0,0.014013606242694,0.318101419724067
170,0.003474941441326,0.046842863601296,0.074182942163893,0,0.01397395080835,0.321576361165393
272,0.003472172036972,0.046813527283866,0.074170271680608,0,0.013943481142453,0.325048533202365
182,0.003472151035022,0.046813304784439,0.074170175573163,0,0.013943250327589,0.328520684237387
237,0.00347152543002,0.046806676805851,0.074167312591318,0,0.013936376576,0.331992209667407
232,0.003470644246759,0.046738750696287,0.074256247654371,0.013747604489148,0,0.335462853914167
92,0.003462187899505,0.046707709368891,0.074124549165135,0,0.013834182836791,0.338925041813672
61,0.003430673769868,0.041963782954858,0.08175320546191,0.064960690642089,0,0.342355715583539
45,0.00339804932557,0.041583906522148,0.081715490673307,0.063032992822919,0,0.34575376490911
53,0.003386466513577,0.04134079642824,0.081915850834069,0.070548879335985,0,0.349140231422687
77,0.00335159964794,0.044269555818982,0.07570890617572,0.015816922917488,0,0.352491831070627
74,0.003245783629186,0.039660668512384,0.081838853224901,0,0.055951644385002,0.355737614699813
106,0.003235660064403,0.040377003594392,0.080136210623924,0,0.032317494121818,0.358973274764216
70,0.003218392771551,0.039232874526893,0.082033060548353,0,0.060899311963992,0.362191667535767
73,0.003211877188992,0.039263538485666,0.081803049670752,0.062547157557,0,0.365403544724759
81,0.003185210329887,0.039839050836059,0.079951963288333,0,0.030470636563726,0.368588755054646
38,0.00314929440638,0.039412707632869,0.079905558271087,0,0.029810493149393,0.371738049461026
57,0.003113814076468,0.038360545183465,0.081172310288495,0.045018084869642,0,0.374851863537494
141,0.003098091798391,0.038655693922804,0.080145807357077,0.032138781538905,0,0.377949955335885
557,0.003079554598468,0.038729152397192,0.079515156099606,0,0.026785633917675,0.381029509934353
305,0.003078122165593,0.038718827873041,0.079499363350712,0.027224849862383,0,0.384107632099945
556,0.002952197648789,0.036430588317216,0.081036233153391,0.040513675446662,0,0.387059829748734
552,0.002873788514528,0.035124078417397,0.081818189800653,0.056453465605052,0,0.389933618263262
112,0.002872329241099,0.036289262501531,0.079150940060516,0,0.02322612457944,0.392805947504361
541,0.002866704450561,0.036018359973124,0.079590088296627,0.025888041074548,0,0.395672651954922
145,0.002835348746635,0.035631292561154,0.079574681209476,0.025513740762762,0,0.398508000701557
160,0.002823463720468,0.035626274265727,0.079252287213894,0,0.023286880355438,0.401331464422025
153,0.002813986353264,0.035599816707451,0.079044967461171,0.022566269688413,0,0.40414545077529
140,0.002799086186049,0.035427190835039,0.079009543801604,0,0.022031730402686,0.406944536961338
231,0.002793782867658,0.035216607346093,0.079331402943005,0.02380366134624,0,0.409738319828997
553,0.002780236839219,0.034074147903953,0.081593730445016,0,0.043201463217464,0.412518556668216
2,0.00277787488007,0.035073577945553,0.079201354489184,0,0.022683276365475,0.415296431548285
144,0.00277689332811,0.034901086802581,0.079564666390397,0,0.024404032900314,0.418073324876395
15,0.002770855330172,0.035207649493223,0.078700378186441,0.020753210640304,0,0.420844180206567
549,0.0027427386612,0.034271426418152,0.080029895100829,0,0.026714528820803,0.423586918867768
584,0.002726669515257,0.034409881357327,0.079240886852886,0.022781960855094,0,0.426313588383025
534,0.002719202341697,0.034427923598126,0.078982467064757,0.021530119602745,0,0.429032790724722
148,0.002717007986027,0.034084065154943,0.079714904125299,0,0.024655136647016,0.431749798710749
157,0.002709758527096,0.034306283060274,0.078987237478784,0.021476095403038,0,0.434459557237845
812,0.00267984994909,0.033913771387525,0.079019520373239,0.021378980619024,0,0.437139407186935
811,0.002674573165653,0.033813898424149,0.079096859288577,0,0.021403358684217,0.439813980352588
593,0.002667508952384,0.033251860593476,0.080221344152614,0,0.027197711764365,0.442481489304972
522,0.002666505443854,0.032486846176271,0.082079541651574,0,0.051686536887575,0.445147994748825
152,0.002665195948757,0.033623416186199,0.079266066660152,0,0.022041373378451,0.447813190697583
165,0.002656383596356,0.033773440562542,0.078653034814044,0.019716886454074,0,0.450469574293938
58,0.002645658477364,0.032882266937912,0.08045851833632,0,0.02864143442618,0.453115232771302
126,0.002639527841471,0.033288108245798,0.079293416795589,0,0.021947652500523,0.455754760612773
596,0.002638175232057,0.032390220849415,0.08144974510431,0.042906081926777,0,0.45839293584483
12,0.002620955624783,0.033084349410204,0.079220406975103,0,0.021481756137968,0.461013891469613
371,0.002603433419907,0.032490195818397,0.080129816220845,0,0.025963111482052,0.46361732488952
156,0.002600802301457,0.032737390488509,0.079444398672202,0,0.022293923382697,0.466218127190977
88,0.00259952936885,0.032922593208253,0.078958827830088,0.020484495555161,0,0.468817656559827
572,0.002598478726989,0.032064592963342,0.081038880797887,0,0.033208760586751,0.471416135286816
240,0.002596947971102,0.032841507932378,0.079075174515399,0,0.02069631393116,0.474013083257918
65,0.002570213526298,0.032733167690157,0.078520158837867,0.018607351121295,0,0.476583296784216
197,0.002556987651385,0.032566674020397,0.078515467983737,0,0.01841018816046,0.479140284435601
706,0.002548327821217,0.031151990438905,0.081803049670752,0.049625391122291,0,0.481688612256818
588,0.002542388443383,0.031012759401639,0.081978788486939,0.055146274557095,0,0.484231000700201
585,0.002542306090008,0.031501662639822,0.080703870112369,0,0.029413131547134,0.486773306790209
703,0.002527539514528,0.03081123022392,0.082033060548353,0,0.047826796889804,0.489300846304737
167,0.002505284414572,0.031951816308917,0.078408200346125,0.017768204849266,0,0.491806130719309
571,0.002490648447529,0.0307724996026,0.080937475983202,0.0329744737879,0,0.494296779166837
20,0.002487059291859,0.031216890889367,0.079670307356153,0.02288553433969,0,0.496783838458697
306,0.002485683891488,0.031692978060984,0.078430114289209,0,0.01763618920566,0.499269522350185
116,0.002474727928832,0.031357562717627,0.078919651731755,0,0.019154481079579,0.501744250279017
694,0.0024737949108,0.030746215092591,0.08045851833632,0,0.026780869612501,0.504218045189816
900,0.002464594439529,0.031183688222211,0.079034731939567,0,0.019491335766705,0.506682639629346
581,0.002444742887032,0.031126381888061,0.078542469080528,0,0.017684641395676,0.509127382516378
223,0.002438709576127,0.030669222214316,0.079516511996456,0,0.021217607202981,0.511566092092504
666,0.00242259643274,0.030407770637933,0.079670307356153,0.022292357095846,0,0.513988688525244
300,0.002412815094225,0.030791526244623,0.078359710884614,0.016962791768043,0,0.516401503619469
707,0.002409914273132,0.029447067965493,0.081838853224901,0,0.041542715662289,0.5188114178926
864,0.002405875859156,0.030024727032014,0.080129816220845,0,0.023992940501423,0.521217293751757
530,0.002393311148437,0.02973061584443,0.080499884730291,0.027460981409176,0,0.523610604900194
265,0.002393310635139,0.03057473919369,0.078277385130808,0,0.016548863121464,0.526003915535332
778,0.002376889244814,0.029891769459402,0.079516511996456,0,0.020679749181758,0.528380804780146
963,0.002371979382476,0.029567933665681,0.080221344152614,0,0.024184515481364,0.530752784162622
847,0.002371042071386,0.030272186275831,0.07832411077884,0.016562774785873,0,0.533123826234008
685,0.002360946919001,0.028792532138734,0.081998585870304,0.051888539492699,0,0.53548477315301
690,0.002359280268122,0.028677118925874,0.0822704775267,0,0.050943651501846,0.537844053421131
693,0.002354179502384,0.029002248353122,0.081172310288495,0.034035639262344,0,0.540198232923515
275,0.002344373227491,0.028882142841958,0.081170335605607,0.033867429707675,0,0.542542606151006
538,0.002343727241219,0.028851920193858,0.081232972553355,0,0.031911498953111,0.544886333392225
686,0.002321311537354,0.028172244661761,0.082397109822939,0,0.054375696283911,0.547207644929579
681,0.002318302178987,0.028370412511567,0.081715490673307,0.04300394450128,0,0.549525947108566
697,0.002304410982214,0.028187408300315,0.08175320546191,0.043634614938524,0,0.55183035809078
689,0.002303083772914,0.028115239596043,0.081915850834069,0.047979207396417,0,0.554133441863694
89,0.002297322354851,0.029245938362762,0.078551842869784,0,0.016645353456318,0.556430764218545
178,0.002294505003702,0.029321334202059,0.078253772079073,0,0.015803428320628,0.558725269222247
537,0.002292024680544,0.028276270757696,0.08105823784842,0.031713332878646,0,0.561017293902791
659,0.002288636782003,0.029155558294392,0.078497443228283,0.016499329791574,0,0.563305930684794
407,0.002286241538773,0.029130164852175,0.078483645745749,0.016440161311796,0,0.565592172223567
16,0.002282443460034,0.029253120404364,0.078023931412578,0,0.015141111113393,0.567874615683601
8,0.002257939278764,0.028764494560638,0.078497443228283,0.016278024150722,0,0.570132554962365
893,0.002256315888109,0.02874886693488,0.078483645745749,0.016224968596617,0,0.572388870850474
564,0.002256189399498,0.027773408878587,0.081235595146446,0,0.030746925853039,0.574645060249971
597,0.002254902971985,0.027950112115097,0.080675990232143,0,0.025885341612242,0.576899963221956
418,0.002247451303836,0.02875012388417,0.078171882420085,0.015282174668374,0,0.579147414525792
716,0.002237799064828,0.028488180328727,0.078551842869784,0,0.016214074755172,0.581385213590621
918,0.0022340288181,0.027914928731135,0.080029895100829,0,0.021759647789962,0.58361924240872
419,0.00220770443701,0.027933345034911,0.079034731939567,0,0.017459711733998,0.58582694684573
899,0.002205602978628,0.028214786574737,0.078171882420085,0.014997615259092,0,0.588032549824358
748,0.002192893709695,0.027602873787779,0.079444398672202,0,0.018797355078836,0.590225443534053
514,0.002190653239428,0.02814584616107,0.077832203973952,0,0.014097301361582,0.592416096773481
700,0.002172375036577,0.026433070582224,0.082183983499732,0,0.044582879623025,0.594588471810058
638,0.002166146725684,0.026885784072741,0.080568478859428,0.025380135999698,0,0.596754618535741
606,0.002164332530154,0.027424506858064,0.078919651731755,0,0.016752009792977,0.598918951065895
742,0.002159744312673,0.027093356460393,0.079714904125299,0,0.019598319705138,0.601078695378568
760,0.002158743381933,0.02758644503107,0.078253772079073,0,0.014868368665122,0.603237438760501
531,0.00215669548158,0.02651955653195,0.081324718947768,0,0.030309600881511,0.605394134242081
797,0.002150025899532,0.027623859916024,0.077832203973952,0,0.013835856125191,0.607544160141613
520,0.0021435160118,0.026440790147734,0.081068530850397,0.02977348160148,0,0.609687676153413
347,0.002125409891445,0.027136087091323,0.07832411077884,0.014846925655392,0,0.611813086044859
682,0.002112485043804,0.025645728037468,0.082371810256963,0,0.048649239305546,0.613925571088663
665,0.00210898735438,0.02703000625831,0.078023931412578,0,0.013990450334718,0.616034558443042
729,0.00210884410903,0.026595450092235,0.079293416795589,0,0.017535021588169,0.618143402552072
662,0.002105748792333,0.026580888343519,0.079220406975103,0,0.017259041556064,0.620249151344406
821,0.002093868659157,0.026721240233261,0.078359710884614,0.0147205055787,0,0.622343020003562
473,0.002087772885148,0.026581452169616,0.078542469080528,0,0.01510241219447,0.62443079288871
784,0.002087117954526,0.026394098619651,0.079075174515399,0,0.016633235967333,0.626517910843235
715,0.002084509827105,0.026399959122881,0.078958827830088,0.016426101124183,0,0.62860242067034
563,0.002083949769655,0.026008701158653,0.080125099555816,0.02149848655477,0,0.630686370439995
745,0.002075040492714,0.026178169046927,0.079266066660152,0,0.017160742832679,0.632761410932709
575,0.002071364577031,0.025691432953496,0.08062471956235,0,0.023443848570457,0.63483277550974
795,0.002066351713186,0.026397812212719,0.078277385130808,0,0.014288062385322,0.636899127222926
739,0.00205342616938,0.02580826719369,0.079564666390397,0,0.018046022614068,0.638952553392306
718,0.002046877361026,0.025466154080231,0.080376383280246,0.02264483819519,0,0.640999430753332
955,0.002044639683398,0.02580283695201,0.079240886852886,0.017083442261445,0,0.64304407043673
740,0.00204287682833,0.025672447533314,0.079574681209476,0.01838272271449,0,0.64508694726506
579,0.002033288561273,0.025016798521108,0.081276929162509,0,0.028103676008734,0.647120235826333
846,0.002029569226049,0.02472685866917,0.082079541651574,0,0.03934040521457,0.649149805052382
289,0.002022746833953,0.025598065191979,0.079019520373239,0.016136823397504,0,0.651172551886335
915,0.002016559792424,0.025336820646672,0.079590088296627,0.018210730696482,0,0.653189111678759
288,0.002015820911818,0.025485473506142,0.079096859288577,0,0.016131672362851,0.655204932590577
825,0.002015759375371,0.025701344357836,0.078430114289209,0,0.014302025232921,0.657220691965949
755,0.002015387509055,0.025703784810245,0.078408200346125,0.014293713681073,0,0.659236079475004
592,0.002012611423484,0.024758374594935,0.081290127337168,0.030526245122187,0,0.661248690898488
781,0.00200610979199,0.025287713535469,0.079331402943005,0.017092508750302,0,0.663254800690477
712,0.001986198823491,0.024335878055523,0.081616073969445,0,0.031139746648358,0.665240999513968
699,0.001982989706291,0.025254529991278,0.078520158837867,0.014356077951242,0,0.667223989220259
749,0.001982952718517,0.02510472301363,0.078987237478784,0.015715821663347,0,0.669206941938776
737,0.001973897990967,0.024628836567495,0.080145807357077,0.020476693539141,0,0.671180839929743
908,0.001972050948176,0.024968211572315,0.078982467064757,0.015614318995637,0,0.673152890877919
764,0.001968034097169,0.025065559025597,0.078515467983737,0,0.01416975088458,0.675120924975088
800,0.001953536414598,0.024067122551887,0.081170335605607,0.028221298736461,0,0.677074461389686
655,0.001943201226243,0.024534949418179,0.079201354489184,0,0.015867586681047,0.679017662615929
753,0.001935866732114,0.02461274045802,0.078653034814044,0.014368882792256,0,0.680953529348043
752,0.001912682417327,0.024134097381504,0.079252287213894,0,0.015775094359227,0.68286621176537
962,0.001906312417523,0.023450724952321,0.081290127337168,0.028913956990294,0,0.684772524182893
746,0.001896426367301,0.023991740754814,0.079044967461171,0.015208058418298,0,0.686668950550194
959,0.001882509511123,0.02296337315869,0.081978788486939,0.040833015358808,0,0.688551460061317
736,0.001865906884518,0.023616221468176,0.079009543801604,0,0.014686635102955,0.690417366945835
578,0.001862866519416,0.023246495004136,0.080135371766118,0.019270733514146,0,0.692280233465251
951,0.001857806425723,0.022857733982651,0.081276929162509,0,0.025678199774453,0.694138039890974
296,0.001840763351738,0.022706262620381,0.081068530850397,0.025568240910691,0,0.695978803242712
664,0.001835426220456,0.023321695050919,0.078700378186441,0.01374701398268,0,0.697814229463168
678,0.001834430258254,0.022471321291482,0.081634285517036,0.032610846870502,0,0.699648659721422
726,0.001833904942036,0.023169717764993,0.079150940060516,0,0.014829255658129,0.701482564663458
942,0.001820368062234,0.022491040647368,0.080937475983202,0.024100422125818,0,0.703302932725692
950,0.001806147561335,0.022538705711707,0.080135371766118,0.018683994789184,0,0.705109080287026
93,0.001802880710703,0.022430478171886,0.080376383280246,0.019945475364786,0,0.706911960997729
348,0.001799661610092,0.027230074663714,0.066090953929323,0,0.003444144356733,0.708711622607821
429,0.001788138054359,0.027078229258768,0.066036003952528,0,0.00340667159051,0.71049976066218
675,0.001787542696167,0.022370692788382,0.079905558271087,0,0.016920466117864,0.712287303358347
349,0.001783999333893,0.027023626637709,0.066016281153163,0,0.003393284911578,0.71407130269224
224,0.00178367417276,0.027019335250122,0.066014731903973,0,0.003392234779783,0.715854976865
858,0.001782482911901,0.026779760014085,0.066560824703575,0.003388524401811,0,0.717637459776901
268,0.001781151224099,0.026762139209752,0.066554889732056,0.00338427801623,0,0.719418611001
762,0.00177698819101,0.026931047054952,0.065982885380722,0,0.003370693469245,0.72119559919201
723,0.001775745908808,0.022159095058063,0.080136210623924,0,0.01773599723936,0.722971345100819
824,0.001775608232783,0.022334873613391,0.079499363350712,0.015704596813047,0,0.724746953333602
107,0.001775454388722,0.026910780206032,0.065975582094929,0,0.003365765607532,0.726522407722323
278,0.001772011871263,0.026641115507662,0.066514176959053,0.003355237180878,0,0.728294419593587
111,0.001770280150803,0.026842374662851,0.065950951547249,0,0.003349179576556,0.730064699744389
713,0.001766458443191,0.022093997076978,0.079951963288333,0,0.016898448658905,0.73183115818758
368,0.001761469960577,0.026725772757412,0.065909037563313,0,0.00332107275092,0.733592628148157
769,0.001760598728472,0.026714233353788,0.065904894411726,0,0.003318302448795,0.735353226876629
939,0.001758858863708,0.02205126547609,0.079762264238972,0.016544854484465,0,0.737112085740336
102,0.001750628976792,0.026357331277057,0.066419052763368,0.00328798219087,0,0.738862714717129
193,0.001748550282059,0.026554491063689,0.065847629234004,0,0.003280159468316,0.740611264999188
488,0.001747609883546,0.02631719188236,0.066405636716804,0.003278563611781,0,0.742358874882735
314,0.001745462110183,0.026288626086217,0.066396094815228,0.003271874829315,0,0.744104336992917
396,0.001737608924629,0.026409165570068,0.065795676884173,0,0.003245791334024,0.745841945917546
926,0.001735630837634,0.02182767314775,0.079515156099606,0,0.015096329922591,0.747577576755181
836,0.0017279587772,0.026280783378181,0.065749896125021,0,0.003215690638786,0.74930553553238
4,0.001727015184039,0.026042909776103,0.066314217531244,0.003214819406064,0,0.751032550716419
315,0.001712805138224,0.026078792686328,0.065678084059555,0,0.003168820177247,0.752745355854644
252,0.001709770998186,0.026038291432207,0.065663716939258,0,0.003159493372717,0.75445512685283
361,0.001699604045884,0.025902437376195,0.065615602933396,0,0.003128380329997,0.756154730898714
255,0.001698163011424,0.025657266708338,0.066186434850131,0.003126977665414,0,0.757852893910137
328,0.001695191442273,0.025617456061123,0.066173293641185,0.003118026163447,0,0.75954808535241
875,0.001692548775874,0.025808035397199,0.065582240175372,0,0.003106915532727,0.761240634128284
855,0.001679570344675,0.025634106824272,0.065520923205495,0,0.003067697498497,0.762920204472958
567,0.001675532119784,0.021006576678468,0.079762264238972,0.015761034428562,0,0.764595736592743
317,0.001674716264487,0.025342677662927,0.066082845970807,0.003056826029665,0,0.76627045285723
428,0.001674380692945,0.025338167443053,0.066081365067456,0.003055829934916,0,0.767944833550174
438,0.001670524584289,0.020564612272339,0.081232972553354,0,0.02274537010329,0.769615358134464
947,0.001669465186395,0.020706616971287,0.08062471956235,0,0.018895123271637,0.771284823320859
376,0.001667681296967,0.025474466979187,0.065464816136487,0,0.003032072851799,0.772952504617826
318,0.001666261103437,0.025455377495987,0.065458117983131,0,0.003027836498408,0.774618765721264
890,0.001665746246833,0.020482656053231,0.081324718947768,0,0.023409936332032,0.776284511968096
228,0.001663942341006,0.025424200806105,0.065447183716637,0,0.003020928517172,0.777948454309102
493,0.001659606151449,0.025365868622055,0.065426742374844,0,0.003008039349444,0.779608060460551
437,0.001654827009612,0.020415284782112,0.08105823784842,0.022896821425127,0,0.781262887470163
227,0.001653883055729,0.025062252763124,0.065990997352106,0.002995404898219,0,0.782916770525892
832,0.001651937534981,0.025262610298759,0.065390611478569,0,0.002985337062538,0.784568708060873
281,0.001649297155217,0.025000410156017,0.065970803875809,0.002981998317823,0,0.78621800521609
5,0.001646772348851,0.024966344578218,0.065959690001557,0.002974634604415,0,0.787864777564942
874,0.001629673582916,0.0202271856933,0.080568478859428,0.019094430067509,0,0.789494451147858
503,0.00162296618985,0.024644528076458,0.065855032192753,0.002905805504687,0,0.791117417337708
408,0.001622524647019,0.02486541307827,0.065252269966798,0,0.002899346272722,0.792739941984728
458,0.001622518244977,0.019972996345412,0.081235595146446,0,0.022111374242176,0.794362460229705
379,0.001621305277181,0.02462203395353,0.065847739477612,0.00290104380855,0,0.795983765506886
342,0.00161835825223,0.024582108357804,0.065834802640764,0.00289260781191,0,0.797602123759116
321,0.001616508232672,0.02455703599967,0.065826683346217,0.002887320444883,0,0.799218631991788
405,0.001615868803775,0.019869343843823,0.081324718947768,0,0.022708972563633,0.800834500795563
204,0.001612770233995,0.024506356280067,0.065810282669678,0.00287665695234,0,0.802447271029558
904,0.001611771110269,0.024719738414528,0.065201786654919,0,0.002868331572013,0.804059042139828
921,0.001608752214182,0.019662525143878,0.081818189800653,0.031602756198397,0,0.805667794354009
485,0.001604793066526,0.019891829798528,0.080675990232143,0,0.018422352207645,0.807272587420535
236,0.00160233244227,0.024364695189149,0.065764518284773,0.002847019984003,0,0.808874919862805
481,0.001599983399747,0.019682382746317,0.081290127337168,0.024267717494899,0,0.810474903262552
85,0.001597850680962,0.024530798725308,0.065136512628638,0,0.002828515854492,0.812072753943513
966,0.001591057379952,0.019534221720581,0.08144974510431,0.025876233490832,0,0.813663811323466
412,0.001590792227556,0.024434838290723,0.065103448143546,0,0.002808469342951,0.815254603551022
185,0.001571640327223,0.023946898814425,0.065630223746404,0.002761047681949,0,0.816826243878245
383,0.001568489163873,0.023903898299431,0.065616459048879,0.002752319046609,0,0.818394733042118
943,0.001566225060369,0.019326834785338,0.081038880797887,0,0.020016478301151,0.819960958102487
835,0.001565000213551,0.023856265468829,0.065601223946632,0.002742675876691,0,0.821525958316038
322,0.001555750940518,0.02395687835357,0.064939635187746,0,0.002710348138559,0.823081709256557
510,0.001552102949624,0.023906969622943,0.064922613535042,0,0.002700265481907,0.824633812206181
848,0.001544287450443,0.023572988889073,0.065510888657794,0.00268588156466,0,0.826178099656624
471,0.001528279541822,0.018803362252606,0.081276929162509,0,0.021123550248695,0.827706379198446
936,0.001524437486592,0.018765634496104,0.081235595146446,0,0.02077474806781,0.829230816685038
977,0.001522499979263,0.023500914573631,0.064784711866958,0,0.002619353327653,0.830753316664301
883,0.001522211985178,0.023270139636906,0.065414819546843,0.00262619660501,0,0.832275528649479
461,0.001505850881991,0.018879239404226,0.079762264238972,0.014164913531107,0,0.833781379531469
839,0.001500945895114,0.023204082572298,0.064684561022297,0,0.002561443482761,0.835282325426584
935,0.00149243825545,0.018626351339639,0.080125099555816,0.015396322999637,0,0.836774763682034
457,0.001488303876868,0.018574752295078,0.080125099555816,0.015353671836129,0,0.838263067558902
26,0.001482703116726,0.022952072586286,0.064599966349532,0,0.002513079233098,0.839745770675628
911,0.001473145204144,0.018173911045281,0.08105823784842,0.020383002257433,0,0.841218915879772
922,0.001445189222098,0.01771201309483,0.081593730445016,0,0.0224564641904,0.84266410510187
404,0.001443856232269,0.01793612794735,0.080499884730291,0.016566884409394,0,0.84410796133414
467,0.001436302668734,0.017814668708682,0.08062471956235,0,0.016256173655054,0.845544264002873
387,0.001430405258536,0.017753906723647,0.080568478859428,0.016759658782983,0,0.84697466926141
478,0.001427516063451,0.017413236884793,0.081978788486939,0.030963872957587,0,0.848402185324861
651,0.001420446985722,0.021861511348624,0.064974784362832,0.00236195025059,0,0.849822632310584
956,0.001409874778903,0.017469729480635,0.080703870112369,0,0.016311502576287,0.851232507089487
470,0.001399295178367,0.017461642063022,0.080135371766118,0.014475242433581,0,0.852631802267854
925,0.001399062961142,0.017264659359152,0.081036233153391,0.019199657164014,0,0.854030865228996
782,0.001397055501437,0.021534805422168,0.064874303438043,0.002303651895449,0,0.855427920730433
431,0.001391331613657,0.021679042650117,0.064178646451858,0,0.002279511054612,0.85681925234409
912,0.001387868120651,0.017085034278896,0.081232972553354,0,0.018896803049556,0.85820712046474
840,0.00137480995162,0.019979156522563,0.06881221187026,0.003179793413505,0,0.85958193041636
416,0.001369559743646,0.021373039080147,0.064078848988667,0,0.002225921713808,0.860951490160006
30,0.001368665615771,0.021136815540549,0.064752687704776,0.002234076238088,0,0.862320155775776
889,0.001363296851344,0.016935388863125,0.080499884730291,0.015642541720661,0,0.863683452627121
841,0.001361288631582,0.019849944524802,0.068578964030914,0,0.003210218189597,0.865044741258703
484,0.001361061783084,0.016710448649538,0.08144974510431,0.022135689723253,0,0.866405803041786
643,0.001339539752859,0.01999453003016,0.066995310759437,0.002643035340755,0,0.867745342794646
967,0.001335524598773,0.016554176712677,0.080675990232143,0,0.015331262985725,0.869080867393419
798,0.001333922055178,0.019192747235876,0.069501361049787,0.00328258849422,0,0.870414789448597
500,0.001331145639142,0.020608353234166,0.064592528282892,0.002144067733374,0,0.871745935087738
844,0.001329458350476,0.019236346473474,0.069111790656756,0.00315847680125,0,0.873075393438214
815,0.001329335976535,0.019590118640352,0.067857474522728,0,0.002947686347375,0.874404729414749
444,0.001323236780957,0.016217383048185,0.081593730445016,0,0.020561473150101,0.875727966195706
31,0.001312990852492,0.018836622800179,0.06970415378703,0,0.003415786149463,0.877040957048198
818,0.001312092391027,0.016184978033562,0.081068530850397,0.01822499036565,0,0.878353049439225
333,0.001310678470258,0.020318884594385,0.064505434054218,0.002095880827075,0,0.879663727909483
826,0.001305427641465,0.018807537871625,0.069409810596963,0,0.003309029769073,0.880969155550948
505,0.001305067412825,0.016236951198395,0.080376383280246,0.014438109952232,0,0.882274222963773
360,0.001296254087729,0.018531496029501,0.069948701694981,0.00332304210223,0,0.883570477051502
364,0.001287761829112,0.018606475628098,0.06921041119507,0,0.003207703294058,0.884858238880614
443,0.001285379323921,0.015710190204066,0.081818189800653,0.025250333170159,0,0.886143618204534
722,0.001270889480479,0.018428366764196,0.068963760963778,0.002979509494569,0,0.887414507685013
869,0.001265172175495,0.018206065097924,0.069491796755073,0,0.003230205475559,0.888679679860508
422,0.001253905116944,0.018486548189583,0.067827974378203,0,0.002773489986362,0.889933584977452
766,0.001253383296307,0.018456893837203,0.067908679941595,0,0.002791351526924,0.891186968273759
476,0.001252936722192,0.015525113237414,0.080703870112369,0,0.014495812591141,0.892439904995951
673,0.001252527319643,0.017941018022035,0.069813614707055,0.003171354737732,0,0.893692432315593
878,0.001245712609546,0.018245668499065,0.068274429605549,0,0.00286196907408,0.894938144925139
34,0.00124256381529,0.017798302243827,0.069813614707055,0.003146127498185,0,0.896180708740429
882,0.001235162366726,0.017840138393501,0.069235021583464,0.002967180785959,0,0.897415871107155
400,0.001233743547526,0.019223245163331,0.06417977490497,0.001920326457932,0,0.898649614654681
380,0.001233128477641,0.017744950270714,0.069491796755073,0,0.003148392319794,0.899882743132322
325,0.001230824332062,0.01836291611921,0.067027716299063,0.002435305526004,0,0.901113567464384
917,0.001229922951452,0.015259942195401,0.080598139606471,0.014543955302848,0,0.902343490415836
671,0.0012284798303,0.01762419832329,0.06970415378703,0,0.003195928121866,0.903571970246135
857,0.001227994883426,0.017555649406921,0.069948701694981,0.003148054642664,0,0.904799965129562
435,0.001227319613687,0.017767431675345,0.069076928850129,0,0.003021751192701,0.906027284743249
786,0.001221590956781,0.018180752444629,0.067191441085916,0.002451358463601,0,0.90724887570003
119,0.001221233050861,0.017566864500162,0.06951912510339,0.003010130728289,0,0.908470108750891
807,0.001210680306686,0.017614944034558,0.068730295385059,0.002779816450342,0,0.909680789057578
727,0.001210252719143,0.017408917579779,0.06951912510339,0.002983066087444,0,0.910891041776721
771,0.001207008785203,0.017595348324103,0.068598175095513,0.00273903782608,0,0.912098050561924
370,0.001199969951297,0.017432141041653,0.068836636212917,0,0.002893415405208,0.913298020513221
916,0.001199587992904,0.017781026055535,0.067464497783027,0,0.002573249002999,0.914497608506124
845,0.001195197180435,0.017370702220651,0.068805346223396,0,0.002874115221383,0.91569280568656
833,0.001194136273459,0.017496007505988,0.068251929650278,0,0.002738207842011,0.916886941960019
909,0.001186633553822,0.017178435312265,0.069076928850129,0,0.002921579119711,0.918073575513841
311,0.00117620681423,0.016945829474453,0.069409810596963,0,0.002981477670035,0.919249782328071
516,0.001169242535951,0.014404801054815,0.081170335605607,0.01689118393488,0,0.920419024864022
863,0.001165096601202,0.016925530724627,0.068836636212917,0,0.002809327392599,0.921584121465224
340,0.001163500671851,0.016910032951122,0.068805346223396,0,0.002797893975819,0.922747622137075
464,0.0011629731403,0.01435080456257,0.081038880797887,0,0.014862887344009,0.923910595277375
765,0.001156048480338,0.016981082969788,0.068078607377083,0.002505875076356,0,0.925066643757713
802,0.001155812084709,0.014160350464444,0.081623127027179,0.020430780694016,0,0.926222455842422
859,0.001153334833286,0.01666418120296,0.06921041119507,0,0.002872857278613,0.927375790675708
819,0.001147891900454,0.016896244740778,0.067937693734012,0,0.002562713535363,0.928523682576161
260,0.001145525030775,0.016643313470477,0.068827942993857,0.002653201476385,0,0.929669207606936
790,0.00114383476336,0.016990109818419,0.067323565037791,0,0.002424799151918,0.930813042370296
792,0.001136283787875,0.016509047611328,0.068827942993857,0.002631797422658,0,0.931949326158171
395,0.001134881362564,0.016391723965817,0.069235021583464,0.00272627977022,0,0.933084207520735
249,0.001123801164592,0.017847028270814,0.062968531653508,0,0.001671532864686,0.934208008685327
972,0.001099479570448,0.016057001630505,0.068473529227223,0.00246762184956,0,0.935307488255775
271,0.001093724575131,0.015736736066905,0.069501361049787,0.002691497372155,0,0.936401212830906
401,0.001074440935211,0.015939944692034,0.067405562313364,0,0.002293413442619,0.937475653766116
343,0.00107229286381,0.013064069830729,0.082079541651574,0,0.020784920873637,0.938547946629927
721,0.001068840167265,0.01592833359396,0.067103075218771,0,0.002224405040874,0.939616786797192
772,0.001063881832607,0.015723722876283,0.067660937614962,0,0.002320203533938,0.940680668629799
895,0.001063663024879,0.015169914349342,0.070116613738502,0.002769356355275,0,0.941744331654678
215,0.001061074756495,0.015682235480288,0.067660937614962,0,0.002314081624797,0.942805406411173
447,0.001059615679218,0.013075825935944,0.081036233153391,0.014541345408785,0,0.943865022090391
463,0.001059446335348,0.013089688336311,0.080937475983202,0.014026341392852,0,0.944924468425739
329,0.001051760521665,0.015409974883555,0.068251929650278,0,0.002411733880253,0.945976228947404
282,0.0010499203216,0.01527594659266,0.068730295385059,0.002410698980906,0,0.947026149269004
931,0.001046258063441,0.015492610436155,0.067532716177987,0.002162424831476,0,0.948072407332445
105,0.001040388355124,0.015086015330148,0.068963760963778,0.002439116091325,0,0.949112795687569
297,0.001033775275714,0.015216520003773,0.067937693734012,0,0.00230794371016,0.950146570963282
903,0.001032575799373,0.015696118552536,0.065785423059659,0.001837917675869,0,0.951179146762656
214,0.001024865993152,0.014940134948555,0.068598175095513,0.002325705294209,0,0.952204012755807
339,0.001013902513271,0.014670470894133,0.069111790656756,0.00240879119361,0,0.953217915269079
391,0.001004777425004,0.014716745797943,0.068274429605549,0,0.002308431250243,0.954222692694083
652,0.001002615177144,0.013886003753275,0.072203291527092,0,0.0032880471648,0.955225307871227
886,0.0009980481765,0.014806614502521,0.067405562313364,0,0.002130351729309,0.956223356047727
9,0.000993573143207,0.015156733744972,0.06555324913171,0,0.001819533465082,0.957216929190934
929,0.000975918858809,0.011738014084283,0.083141735203416,0,0.058677375891952,0.958192848049743
201,0.000962468618593,0.014137607328869,0.068078607377083,0.00208626728388,0,0.959155316668337
871,0.000953420031263,0.014642718786753,0.065112227117649,0,0.001684418853527,0.9601087366996
452,0.000952345468834,0.014101986751484,0.067532716177987,0.001968324605477,0,0.961061082168433
338,0.000951306620332,0.013871697156333,0.068578964030914,0,0.002243390377046,0.962012388788765
101,0.000941306564883,0.014027770885529,0.067103075218771,0,0.001958989877122,0.962953695353649
609,0.000937963329997,0.014127792145774,0.066391359691513,0.001757506843267,0,0.963891658683646
449,0.000933526378828,0.011432099745847,0.08165834794845,0.01680195213049,0,0.964825185062473
205,0.000922345283132,0.013582141250948,0.067908679941595,0,0.002054112195374,0.965747530345605
256,0.000911776766481,0.01354320386879,0.067323565037791,0,0.001932862683424,0.966659307112086
642,0.000906160518756,0.01292362067192,0.070116613738502,0.002359282341136,0,0.967565467630842
901,0.00090529654117,0.013346949388785,0.067827974378203,0,0.002002409000245,0.968470764172012
337,0.000903583444445,0.013131149542888,0.06881221187026,0.002089895175558,0,0.969374347616457
450,0.000892694240673,0.010737017197067,0.083141735203416,0,0.053673474022682,0.97026704185713
441,0.000885022266534,0.013118340692025,0.067464497783027,0,0.001898470706996,0.971152064123664
975,0.000868929305767,0.01316618695179,0.065997035356446,0.001574552561123,0,0.972020993429431
868,0.000836781181268,0.012198409215965,0.068597565998456,0.001898786051387,0,0.972857774610699
292,0.000835908113227,0.012318585669545,0.067857474522728,0,0.001853553184833,0.973693682723927
264,0.000828950854979,0.012068293589728,0.068688323565869,0.001896242316555,0,0.974522633578906
794,0.000806526086421,0.011741822256691,0.068688323565869,0.001844945192215,0,0.975329159665326
187,0.000806432802507,0.012146652911679,0.066391359691513,0.001511051790315,0,0.976135592467833
775,0.000805283550229,0.012439371911207,0.064736672878456,0.00131271428497,0,0.976940876018063
928,0.000796761793997,0.009757260757954,0.08165834794845,0.01434041268223,0,0.977737637812059
280,0.000794158955235,0.011287900178211,0.0703548882163,0,0.002189974757179,0.978531796767294
806,0.0007936013828,0.011279975036843,0.0703548882163,0,0.002188437194012,0.979325398150094
496,0.000786324575866,0.011914543912757,0.065997035356446,0.00142486778451,0,0.98011172272596
369,0.000777275969515,0.011193350174399,0.06944086957025,0.001902292906224,0,0.980888998695475
599,0.000756863274892,0.010482392961377,0.072203291527092,0,0.002482110985232,0.981645861970367
877,0.000745572256178,0.011680770497904,0.063829030483208,0.001127379816151,0,0.982391434226545
776,0.000745546539137,0.011276697335528,0.066113908793823,0,0.001429502750294,0.983136980765681
976,0.000727947149665,0.010475815181064,0.069488353610977,0,0.001858012621049,0.983864927915346
375,0.000714532839163,0.010416300181535,0.068597565998456,0.001621385636569,0,0.984579460754509
862,0.000710530649575,0.010232168087358,0.06944086957025,0.00173894146655,0,0.985289991404084
248,0.000701541194876,0.010440930921235,0.067191441085916,0.001407778058669,0,0.98599153259896
969,0.00069934059386,0.00968571624741,0.072203291527092,0,0.002293467034304,0.986690873192821
660,0.000692841237655,0.010569136493339,0.06555324913171,0,0.00126880222812,0.987383714430475
634,0.000680428241768,0.00991913097592,0.068597565998456,0.001543997024982,0,0.988064142672244
653,0.000679923707275,0.009784714588024,0.069488353610977,0,0.001735437565831,0.988744066379519
497,0.000672205136565,0.009673637403009,0.069488353610977,0,0.001715736682596,0.989416271516083
831,0.000655946930226,0.009786204371024,0.067027716299063,0.001297854732257,0,0.990072218446309
517,0.000622705530543,0.008850920615902,0.0703548882163,0,0.001717174356665,0.990694923976852
489,0.000594921756104,0.008239537887011,0.072203291527092,0,0.001951028508275,0.991289845732956
411,0.000590658708111,0.008423948000597,0.070116613738502,0.001537840847003,0,0.991880504441067
425,0.00057452587128,0.008733330950211,0.065785423059659,0.001022618634593,0,0.992455030312347
492,0.000566115376739,0.008267652962069,0.068473529227224,0.001270563556213,0,0.993021145689086
218,0.000559637134962,0.008644823869972,0.064736672878456,0.000912279483736,0,0.993580782824048
508,0.000556356101466,0.008415114332469,0.066113908793823,0,0.001066751081844,0.994137138925515
533,0.000540022268873,0.008060598014273,0.066995310759437,0.001065513687354,0,0.994677161194388
600,0.000539144581304,0.007873766510779,0.068473529227224,0.001210031531878,0,0.995216305775692
219,0.000502569636217,0.007601571974579,0.066113908793823,0,0.000963621503788,0.995718875411909
526,0.000475458476935,0.006846954536682,0.06944086957025,0.001163629551603,0,0.996194333888844
622,0.000463418199262,0.006586865689235,0.0703548882163,0,0.001277923206319,0.996657752088106
604,0.000460578618987,0.006083546074726,0.07570890617572,0.002173570020047,0,0.997118330707093
631,0.000451305794855,0.006499138009766,0.06944086957025,0.001104518659733,0,0.997569636501948
601,0.000417524738354,0.006008557069747,0.069488353610977,0,0.001065690323562,0.997987161240303
390,0.000404584064826,0.006338558830724,0.063829030483208,0.000611771568539,0,0.998391745305129
635,0.00039383015284,0.006048482293941,0.065112227117649,0,0.000695784557466,0.998785575457969
616,0.000365286076992,0.005318022889896,0.068688323565869,0.000835599496255,0,0.999150861534961
513,0.000250715926839,0.003650051621923,0.068688323565869,0.000573517895603,0,0.999401577461799
384,0.000245416604643,0.003769132396579,0.065112227117649,0,0.000433580523036,0.999646994066442
603,0.000129145954338,0.001576568552038,0.081915850834069,0.002690445132949,0,0.99977614002078
624,0.000127906370058,0.001577756112218,0.081068530850397,0.001776622117428,0,0.999904046390838
645,9.59536091620239E-05,0.001175061846985,0.08165834794845,0.001727008453594,0,1
1,0,0,NA,0,0,1
3,0,0,NA,0,0,1
6,0,0,NA,0,0,1
7,0,0,NA,0,0,1
10,0,0,NA,0,0,1
13,0,0,NA,0,0,1
14,0,0,NA,0,0,1
17,0,0,NA,0,0,1
18,0,0,NA,0,0,1
21,0,0,NA,0,0,1
22,0,0,NA,0,0,1
24,0,0,NA,0,0,1
25,0,0,NA,0,0,1
28,0,0,NA,0,0,1
29,0,0,NA,0,0,1
32,0,0,NA,0,0,1
33,0,0,NA,0,0,1
35,0,0,NA,0,0,1
36,0,0,NA,0,0,1
39,0,0,NA,0,0,1
40,0,0,NA,0,0,1
43,0,0,NA,0,0,1
44,0,0,NA,0,0,1
47,0,0,NA,0,0,1
48,0,0,NA,0,0,1
51,0,0,NA,0,0,1
52,0,0,NA,0,0,1
55,0,0,NA,0,0,1
56,0,0,NA,0,0,1
59,0,0,NA,0,0,1
60,0,0,NA,0,0,1
63,0,0,NA,0,0,1
64,0,0,NA,0,0,1
67,0,0,NA,0,0,1
68,0,0,NA,0,0,1
71,0,0,NA,0,0,1
72,0,0,NA,0,0,1
75,0,0,NA,0,0,1
76,0,0,NA,0,0,1
78,0,0,NA,0,0,1
79,0,0,NA,0,0,1
82,0,0,NA,0,0,1
83,0,0,NA,0,0,1
86,0,0,NA,0,0,1
87,0,0,NA,0,0,1
90,0,0,NA,0,0,1
91,0,0,NA,0,0,1
94,0,0,NA,0,0,1
95,0,0,NA,0,0,1
98,0,0,NA,0,0,1
99,0,0,NA,0,0,1
100,0,0,NA,0,0,1
103,0,0,NA,0,0,1
104,0,0,NA,0,0,1
108,0,0,NA,0,0,1
109,0,0,NA,0,0,1
110,0,0,NA,0,0,1
113,0,0,NA,0,0,1
114,0,0,NA,0,0,1
117,0,0,NA,0,0,1
118,0,0,NA,0,0,1
121,0,0,NA,0,0,1
124,0,0,NA,0,0,1
128,0,0,NA,0,0,1
130,0,0,NA,0,0,1
131,0,0,NA,0,0,1
134,0,0,NA,0,0,1
135,0,0,NA,0,0,1
138,0,0,NA,0,0,1
139,0,0,NA,0,0,1
142,0,0,NA,0,0,1
143,0,0,NA,0,0,1
146,0,0,NA,0,0,1
147,0,0,NA,0,0,1
150,0,0,NA,0,0,1
151,0,0,NA,0,0,1
154,0,0,NA,0,0,1
155,0,0,NA,0,0,1
158,0,0,NA,0,0,1
159,0,0,NA,0,0,1
162,0,0,NA,0,0,1
163,0,0,NA,0,0,1
166,0,0,NA,0,0,1
168,0,0,NA,0,0,1
169,0,0,NA,0,0,1
172,0,0,NA,0,0,1
173,0,0,NA,0,0,1
176,0,0,NA,0,0,1
177,0,0,NA,0,0,1
180,0,0,NA,0,0,1
181,0,0,NA,0,0,1
184,0,0,NA,0,0,1
186,0,0,NA,0,0,1
189,0,0,NA,0,0,1
191,0,0,NA,0,0,1
192,0,0,NA,0,0,1
195,0,0,NA,0,0,1
196,0,0,NA,0,0,1
198,0,0,NA,0,0,1
200,0,0,NA,0,0,1
202,0,0,NA,0,0,1
203,0,0,NA,0,0,1
206,0,0,NA,0,0,1
207,0,0,NA,0,0,1
209,0,0,NA,0,0,1
210,0,0,NA,0,0,1
212,0,0,NA,0,0,1
213,0,0,NA,0,0,1
216,0,0,NA,0,0,1
217,0,0,NA,0,0,1
220,0,0,NA,0,0,1
222,0,0,NA,0,0,1
226,0,0,NA,0,0,1
229,0,0,NA,0,0,1
230,0,0,NA,0,0,1
233,0,0,NA,0,0,1
234,0,0,NA,0,0,1
238,0,0,NA,0,0,1
241,0,0,NA,0,0,1
242,0,0,NA,0,0,1
245,0,0,NA,0,0,1
246,0,0,NA,0,0,1
247,0,0,NA,0,0,1
250,0,0,NA,0,0,1
251,0,0,NA,0,0,1
253,0,0,NA,0,0,1
254,0,0,NA,0,0,1
257,0,0,NA,0,0,1
261,0,0,NA,0,0,1
262,0,0,NA,0,0,1
266,0,0,NA,0,0,1
267,0,0,NA,0,0,1
269,0,0,NA,0,0,1
270,0,0,NA,0,0,1
273,0,0,NA,0,0,1
274,0,0,NA,0,0,1
277,0,0,NA,0,0,1
279,0,0,NA,0,0,1
283,0,0,NA,0,0,1
284,0,0,NA,0,0,1
286,0,0,NA,0,0,1
287,0,0,NA,0,0,1
290,0,0,NA,0,0,1
291,0,0,NA,0,0,1
293,0,0,NA,0,0,1
294,0,0,NA,0,0,1
298,0,0,NA,0,0,1
299,0,0,NA,0,0,1
301,0,0,NA,0,0,1
302,0,0,NA,0,0,1
303,0,0,NA,0,0,1
304,0,0,NA,0,0,1
307,0,0,NA,0,0,1
308,0,0,NA,0,0,1
310,0,0,NA,0,0,1
312,0,0,NA,0,0,1
313,0,0,NA,0,0,1
316,0,0,NA,0,0,1
319,0,0,NA,0,0,1
320,0,0,NA,0,0,1
323,0,0,NA,0,0,1
324,0,0,NA,0,0,1
326,0,0,NA,0,0,1
327,0,0,NA,0,0,1
330,0,0,NA,0,0,1
331,0,0,NA,0,0,1
332,0,0,NA,0,0,1
334,0,0,NA,0,0,1
335,0,0,NA,0,0,1
336,0,0,NA,0,0,1
341,0,0,NA,0,0,1
344,0,0,NA,0,0,1
345,0,0,NA,0,0,1
346,0,0,NA,0,0,1
350,0,0,NA,0,0,1
351,0,0,NA,0,0,1
353,0,0,NA,0,0,1
354,0,0,NA,0,0,1
355,0,0,NA,0,0,1
356,0,0,NA,0,0,1
358,0,0,NA,0,0,1
359,0,0,NA,0,0,1
362,0,0,NA,0,0,1
363,0,0,NA,0,0,1
365,0,0,NA,0,0,1
366,0,0,NA,0,0,1
367,0,0,NA,0,0,1
372,0,0,NA,0,0,1
373,0,0,NA,0,0,1
374,0,0,NA,0,0,1
377,0,0,NA,0,0,1
378,0,0,NA,0,0,1
381,0,0,NA,0,0,1
382,0,0,NA,0,0,1
385,0,0,NA,0,0,1
386,0,0,NA,0,0,1
388,0,0,NA,0,0,1
389,0,0,NA,0,0,1
392,0,0,NA,0,0,1
393,0,0,NA,0,0,1
394,0,0,NA,0,0,1
397,0,0,NA,0,0,1
398,0,0,NA,0,0,1
399,0,0,NA,0,0,1
402,0,0,NA,0,0,1
403,0,0,NA,0,0,1
406,0,0,NA,0,0,1
409,0,0,NA,0,0,1
410,0,0,NA,0,0,1
413,0,0,NA,0,0,1
414,0,0,NA,0,0,1
417,0,0,NA,0,0,1
420,0,0,NA,0,0,1
421,0,0,NA,0,0,1
423,0,0,NA,0,0,1
424,0,0,NA,0,0,1
426,0,0,NA,0,0,1
427,0,0,NA,0,0,1
430,0,0,NA,0,0,1
432,0,0,NA,0,0,1
433,0,0,NA,0,0,1
436,0,0,NA,0,0,1
439,0,0,NA,0,0,1
440,0,0,NA,0,0,1
442,0,0,NA,0,0,1
445,0,0,NA,0,0,1
446,0,0,NA,0,0,1
448,0,0,NA,0,0,1
451,0,0,NA,0,0,1
454,0,0,NA,0,0,1
455,0,0,NA,0,0,1
456,0,0,NA,0,0,1
459,0,0,NA,0,0,1
460,0,0,NA,0,0,1
462,0,0,NA,0,0,1
465,0,0,NA,0,0,1
466,0,0,NA,0,0,1
468,0,0,NA,0,0,1
469,0,0,NA,0,0,1
472,0,0,NA,0,0,1
474,0,0,NA,0,0,1
475,0,0,NA,0,0,1
477,0,0,NA,0,0,1
479,0,0,NA,0,0,1
480,0,0,NA,0,0,1
482,0,0,NA,0,0,1
483,0,0,NA,0,0,1
486,0,0,NA,0,0,1
487,0,0,NA,0,0,1
490,0,0,NA,0,0,1
491,0,0,NA,0,0,1
494,0,0,NA,0,0,1
495,0,0,NA,0,0,1
498,0,0,NA,0,0,1
499,0,0,NA,0,0,1
501,0,0,NA,0,0,1
502,0,0,NA,0,0,1
504,0,0,NA,0,0,1
506,0,0,NA,0,0,1
507,0,0,NA,0,0,1
509,0,0,NA,0,0,1
511,0,0,NA,0,0,1
512,0,0,NA,0,0,1
515,0,0,NA,0,0,1
518,0,0,NA,0,0,1
519,0,0,NA,0,0,1
521,0,0,NA,0,0,1
523,0,0,NA,0,0,1
524,0,0,NA,0,0,1
525,0,0,NA,0,0,1
527,0,0,NA,0,0,1
528,0,0,NA,0,0,1
529,0,0,NA,0,0,1
532,0,0,NA,0,0,1
535,0,0,NA,0,0,1
536,0,0,NA,0,0,1
539,0,0,NA,0,0,1
540,0,0,NA,0,0,1
542,0,0,NA,0,0,1
543,0,0,NA,0,0,1
546,0,0,NA,0,0,1
547,0,0,NA,0,0,1
550,0,0,NA,0,0,1
551,0,0,NA,0,0,1
554,0,0,NA,0,0,1
555,0,0,NA,0,0,1
558,0,0,NA,0,0,1
561,0,0,NA,0,0,1
562,0,0,NA,0,0,1
565,0,0,NA,0,0,1
566,0,0,NA,0,0,1
569,0,0,NA,0,0,1
570,0,0,NA,0,0,1
573,0,0,NA,0,0,1
574,0,0,NA,0,0,1
576,0,0,NA,0,0,1
577,0,0,NA,0,0,1
580,0,0,NA,0,0,1
582,0,0,NA,0,0,1
583,0,0,NA,0,0,1
586,0,0,NA,0,0,1
587,0,0,NA,0,0,1
590,0,0,NA,0,0,1
591,0,0,NA,0,0,1
594,0,0,NA,0,0,1
595,0,0,NA,0,0,1
598,0,0,NA,0,0,1
602,0,0,NA,0,0,1
605,0,0,NA,0,0,1
608,0,0,NA,0,0,1
611,0,0,NA,0,0,1
612,0,0,NA,0,0,1
613,0,0,NA,0,0,1
614,0,0,NA,0,0,1
615,0,0,NA,0,0,1
617,0,0,NA,0,0,1
618,0,0,NA,0,0,1
619,0,0,NA,0,0,1
623,0,0,NA,0,0,1
628,0,0,NA,0,0,1
629,0,0,NA,0,0,1
636,0,0,NA,0,0,1
637,0,0,NA,0,0,1
639,0,0,NA,0,0,1
640,0,0,NA,0,0,1
641,0,0,NA,0,0,1
644,0,0,NA,0,0,1
646,0,0,NA,0,0,1
647,0,0,NA,0,0,1
650,0,0,NA,0,0,1
654,0,0,NA,0,0,1
656,0,0,NA,0,0,1
657,0,0,NA,0,0,1
658,0,0,NA,0,0,1
661,0,0,NA,0,0,1
663,0,0,NA,0,0,1
667,0,0,NA,0,0,1
668,0,0,NA,0,0,1
669,0,0,NA,0,0,1
670,0,0,NA,0,0,1
672,0,0,NA,0,0,1
674,0,0,NA,0,0,1
676,0,0,NA,0,0,1
677,0,0,NA,0,0,1
679,0,0,NA,0,0,1
680,0,0,NA,0,0,1
683,0,0,NA,0,0,1
684,0,0,NA,0,0,1
687,0,0,NA,0,0,1
688,0,0,NA,0,0,1
691,0,0,NA,0,0,1
692,0,0,NA,0,0,1
695,0,0,NA,0,0,1
696,0,0,NA,0,0,1
698,0,0,NA,0,0,1
701,0,0,NA,0,0,1
702,0,0,NA,0,0,1
704,0,0,NA,0,0,1
705,0,0,NA,0,0,1
708,0,0,NA,0,0,1
709,0,0,NA,0,0,1
710,0,0,NA,0,0,1
711,0,0,NA,0,0,1
714,0,0,NA,0,0,1
717,0,0,NA,0,0,1
719,0,0,NA,0,0,1
720,0,0,NA,0,0,1
724,0,0,NA,0,0,1
725,0,0,NA,0,0,1
728,0,0,NA,0,0,1
730,0,0,NA,0,0,1
731,0,0,NA,0,0,1
732,0,0,NA,0,0,1
733,0,0,NA,0,0,1
734,0,0,NA,0,0,1
735,0,0,NA,0,0,1
738,0,0,NA,0,0,1
741,0,0,NA,0,0,1
743,0,0,NA,0,0,1
744,0,0,NA,0,0,1
747,0,0,NA,0,0,1
750,0,0,NA,0,0,1
751,0,0,NA,0,0,1
754,0,0,NA,0,0,1
756,0,0,NA,0,0,1
757,0,0,NA,0,0,1
758,0,0,NA,0,0,1
759,0,0,NA,0,0,1
761,0,0,NA,0,0,1
763,0,0,NA,0,0,1
767,0,0,NA,0,0,1
768,0,0,NA,0,0,1
770,0,0,NA,0,0,1
773,0,0,NA,0,0,1
774,0,0,NA,0,0,1
777,0,0,NA,0,0,1
779,0,0,NA,0,0,1
780,0,0,NA,0,0,1
783,0,0,NA,0,0,1
785,0,0,NA,0,0,1
787,0,0,NA,0,0,1
788,0,0,NA,0,0,1
789,0,0,NA,0,0,1
791,0,0,NA,0,0,1
793,0,0,NA,0,0,1
796,0,0,NA,0,0,1
799,0,0,NA,0,0,1
801,0,0,NA,0,0,1
803,0,0,NA,0,0,1
804,0,0,NA,0,0,1
805,0,0,NA,0,0,1
809,0,0,NA,0,0,1
810,0,0,NA,0,0,1
813,0,0,NA,0,0,1
814,0,0,NA,0,0,1
816,0,0,NA,0,0,1
817,0,0,NA,0,0,1
820,0,0,NA,0,0,1
822,0,0,NA,0,0,1
823,0,0,NA,0,0,1
827,0,0,NA,0,0,1
828,0,0,NA,0,0,1
829,0,0,NA,0,0,1
830,0,0,NA,0,0,1
834,0,0,NA,0,0,1
837,0,0,NA,0,0,1
838,0,0,NA,0,0,1
842,0,0,NA,0,0,1
843,0,0,NA,0,0,1
849,0,0,NA,0,0,1
850,0,0,NA,0,0,1
853,0,0,NA,0,0,1
854,0,0,NA,0,0,1
856,0,0,NA,0,0,1
860,0,0,NA,0,0,1
861,0,0,NA,0,0,1
865,0,0,NA,0,0,1
866,0,0,NA,0,0,1
867,0,0,NA,0,0,1
870,0,0,NA,0,0,1
872,0,0,NA,0,0,1
873,0,0,NA,0,0,1
876,0,0,NA,0,0,1
879,0,0,NA,0,0,1
880,0,0,NA,0,0,1
881,0,0,NA,0,0,1
884,0,0,NA,0,0,1
885,0,0,NA,0,0,1
887,0,0,NA,0,0,1
888,0,0,NA,0,0,1
891,0,0,NA,0,0,1
892,0,0,NA,0,0,1
894,0,0,NA,0,0,1
896,0,0,NA,0,0,1
897,0,0,NA,0,0,1
898,0,0,NA,0,0,1
902,0,0,NA,0,0,1
905,0,0,NA,0,0,1
906,0,0,NA,0,0,1
907,0,0,NA,0,0,1
910,0,0,NA,0,0,1
913,0,0,NA,0,0,1
914,0,0,NA,0,0,1
919,0,0,NA,0,0,1
920,0,0,NA,0,0,1
923,0,0,NA,0,0,1
924,0,0,NA,0,0,1
927,0,0,NA,0,0,1
930,0,0,NA,0,0,1
932,0,0,NA,0,0,1
933,0,0,NA,0,0,1
934,0,0,NA,0,0,1
937,0,0,NA,0,0,1
938,0,0,NA,0,0,1
940,0,0,NA,0,0,1
941,0,0,NA,0,0,1
944,0,0,NA,0,0,1
945,0,0,NA,0,0,1
948,0,0,NA,0,0,1
949,0,0,NA,0,0,1
952,0,0,NA,0,0,1
953,0,0,NA,0,0,1
954,0,0,NA,0,0,1
957,0,0,NA,0,0,1
958,0,0,NA,0,0,1
960,0,0,NA,0,0,1
961,0,0,NA,0,0,1
964,0,0,NA,0,0,1
965,0,0,NA,0,0,1
968,0,0,NA,0,0,1
970,0,0,NA,0,0,1
971,0,0,NA,0,0,1
973,0,0,NA,0,0,1
974,0,0,NA,0,0,1
978,0,0,NA,0,0,1
