CHART																		
Category	Term	Count	%	PValue	Genes	List Total	Pop Hits	Pop Total	Fold Enrichment	Bonferroni	Benjamini	FDR						
UP_KW_CELLULAR_COMPONENT	KW-0966~Cell projection	14	10.8527131782946	1.74037808226752E-12	SMC03050, SMC03042, SMC03021, SMC03040, SMC03052, SMC03035, SMC03025, SMC03014, SMC03033, SMC03029, SMC03048, SMC03027, SMC03038, SMC03019	49	37	1767	13.6447876447876	1.7403856134024E-11	5.80126027422507E-12	3.48075616453504E-12						
UP_KW_CELLULAR_COMPONENT	KW-0282~Flagellum	14	10.8527131782946	1.74037808226752E-12	SMC03050, SMC03042, SMC03021, SMC03040, SMC03052, SMC03035, SMC03025, SMC03014, SMC03033, SMC03029, SMC03048, SMC03027, SMC03038, SMC03019	49	37	1767	13.6447876447876	1.7403856134024E-11	5.80126027422507E-12	3.48075616453504E-12						
UP_KW_CELLULAR_COMPONENT	KW-0969~Cilium	14	10.8527131782946	1.74037808226752E-12	SMC03050, SMC03042, SMC03021, SMC03040, SMC03052, SMC03035, SMC03025, SMC03014, SMC03033, SMC03029, SMC03048, SMC03027, SMC03038, SMC03019	49	37	1767	13.6447876447876	1.7403856134024E-11	5.80126027422507E-12	3.48075616453504E-12						
GOTERM_MF_DIRECT	GO:0003735~structural constituent of ribosome	14	10.8527131782946	2.16643594385858E-11	SMC01318, SMC01290, SMC01292, SMC01294, SMC02101, SMC01298, SMC03881, SMC01300, SMC01310, SMC00485, SMC01302, SMC01313, SMC01304, SMC01306	74	53	3484	12.4365119836818	1.34318889344343E-09	1.34319028519232E-09	1.32152592575373E-09						
UP_KW_MOLECULAR_FUNCTION	KW-0689~Ribosomal protein	14	10.8527131782946	8.49755973054597E-11	SMC01318, SMC01290, SMC01292, SMC01294, SMC02101, SMC01298, SMC03881, SMC01300, SMC01310, SMC00485, SMC01302, SMC01313, SMC01304, SMC01306	55	56	2380	10.8181818181818	2.03941397103335E-09	1.01970716766552E-09	9.34731570360056E-10						
UP_KW_MOLECULAR_FUNCTION	KW-0687~Ribonucleoprotein	14	10.8527131782946	8.49755973054597E-11	SMC01318, SMC01290, SMC01292, SMC01294, SMC02101, SMC01298, SMC03881, SMC01300, SMC01310, SMC00485, SMC01302, SMC01313, SMC01304, SMC01306	55	56	2380	10.8181818181818	2.03941397103335E-09	1.01970716766552E-09	9.34731570360056E-10						
GOTERM_MF_DIRECT	GO:0019843~rRNA binding	10	7.75193798449612	2.82009888822838E-08	SMC01292, SMC01294, SMC01298, SMC01300, SMC00485, SMC01302, SMC01313, SMC01304, SMC01306, SMC01290	74	36	3484	13.0780780780781	1.7484598064943E-06	8.74230655350797E-07	8.60130160909655E-07						
GOTERM_BP_DIRECT	GO:0006412~translation	14	10.8527131782946	4.83598059907412E-08	SMC01318, SMC01290, SMC01292, SMC01294, SMC02101, SMC01298, SMC03881, SMC01300, SMC01310, SMC00485, SMC01302, SMC01313, SMC01304, SMC01306	70	61	2024	6.63606557377049	2.36962774069482E-06	2.32127068755558E-06	2.27291088156483E-06						
UP_KW_MOLECULAR_FUNCTION	KW-0699~rRNA-binding	10	7.75193798449612	7.89765645807891E-08	SMC01292, SMC01294, SMC01298, SMC01300, SMC00485, SMC01302, SMC01313, SMC01304, SMC01306, SMC01290	55	38	2380	11.3875598086124	1.8954358294021E-06	6.31812516646313E-07	5.79161473592453E-07						
UP_KW_MOLECULAR_FUNCTION	KW-0694~RNA-binding	11	8.52713178294574	2.45935894449766E-07	SMC01292, SMC01294, SMC01298, SMC01300, SMC00485, SMC01302, SMC01313, SMC01304, SMC01306, SMC01290, SMC01778	55	56	2380	8.5	5.90244477260971E-06	1.4756153666986E-06	1.35264741947371E-06						
UP_KW_CELLULAR_COMPONENT	KW-0975~Bacterial flagellum	7	5.42635658914729	4.24129777391404E-06	SMC03021, SMC03040, SMC03014, SMC03029, SMC03048, SMC03038, SMC03019	49	18	1767	14.0238095238095	4.24121682606193E-05	1.06032444347851E-05	6.36194666087106E-06						
GOTERM_BP_DIRECT	GO:0071973~bacterial-type flagellum-dependent cell motility	7	5.42635658914729	1.16180353053535E-05	SMC03040, SMC03035, SMC03014, SMC03029, SMC03038, SMC03027, SMC03019	70	17	2024	11.9058823529412	0.000569125023848	0.000278832847328	0.000273023829676						
GOTERM_CC_DIRECT	GO:0015935~small ribosomal subunit	4	3.10077519379845	0.000271323031939	SMC01292, SMC02101, SMC00485, SMC01313	62	5	1968	25.3935483870968	0.00460249331072	0.00461249154297	0.00461249154297						
GOTERM_BP_DIRECT	GO:0006935~chemotaxis	6	4.65116279069768	0.000319243629313	SMC03021, SMC03035, SMC03007, SMC03004, SMC01104, SMC03019	70	19	2024	9.13082706766917	0.015523681290751	0.005107898069012	0.005001483525908						
UP_KW_BIOLOGICAL_PROCESS	KW-0145~Chemotaxis	5	3.87596899224806	0.000405112442772	SMC03021, SMC03035, SMC03007, SMC03004, SMC03019	41	13	1337	12.5422138836773	0.012082251977899	0.012153373283175	0.01134314839763						
GOTERM_MF_DIRECT	GO:0005198~structural molecule activity	4	3.10077519379845	0.000458453166314	SMC03040, SMC03029, SMC03048, SMC03038	74	8	3484	23.5405405405405	0.028030266967525	0.009474698770484	0.009321881048379						
UP_KW_MOLECULAR_FUNCTION	KW-0143~Chaperone	6	4.65116279069768	0.000461377628147	SMC00912, SMC01142, SMC02136, SM_B21566, SMA0744, SMC01721	55	30	2380	8.65454545454545	0.011014509447158	0.002214612615105	0.002030061563846						
UP_SEQ_FEATURE	DOMAIN:Methyl-accepting transducer	4	3.10077519379845	0.000543529703841	SMC03004, SMC01104, SMC00765, SMC01469	85	9	4331	22.6457516339869	0.063158620311759	0.06522356446094	0.06522356446094						
UP_KW_MOLECULAR_FUNCTION	KW-0807~Transducer	4	3.10077519379845	0.000570827512448	SMC03004, SMC01104, SMC00765, SMC01469	55	8	2380	21.6363636363636	0.013610302681113	0.002283310049792	0.002093034212309						
INTERPRO	IPR004089:Methyl-accepting chemotaxis protein (MCP) signalling domain	4	3.10077519379845	0.000575979234299	SMC03004, SMC01104, SMC00765, SMC01469	97	9	4859	22.2634593356243	0.133644674803606	0.143418829340442	0.143418829340442						
SMART	SM00283:MA	4	3.10077519379845	0.000676707105577	SMC03004, SMC01104, SMC00765, SMC01469	24	9	1067	19.7592592592593	0.016781007980418	0.016917677639433	0.016917677639433						
GOTERM_CC_DIRECT	GO:0015934~large ribosomal subunit	4	3.10077519379845	0.000908165700847	SMC03881, SMC01304, SMC01306, SMC01290	62	7	1968	18.1382488479263	0.015327156603181	0.0077194084572	0.0077194084572						
GOTERM_CC_DIRECT	GO:0009425~bacterial-type flagellum basal body	4	3.10077519379845	0.00142104219061	SMC03021, SMC03035, SMC03029, SMC03019	62	8	1968	15.8709677419355	0.023885025813499	0.008052572413459	0.008052572413459						
INTERPRO	IPR019432:Siderophore biosynthesis protein, conserved domain	3	2.32558139534884	0.002258761244314	SMA2406, SMA2339, SMC02576	97	4	4859	37.569587628866	0.430540553314677	0.281215774917066	0.281215774917066						
SMART	SM01006:SM01006	3	2.32558139534884	0.002599512688064	SMA2406, SMA2339, SMC02576	24	4	1067	33.34375	0.06300040802209	0.032493908600803	0.032493908600803						
GOTERM_MF_DIRECT	GO:0003774~motor activity	3	2.32558139534884	0.004157366833841	SMC03014, SMC03029, SMC03019	74	5	3484	28.2486486486486	0.227631899137999	0.064439185924535	0.063399844216074						
UP_KW_BIOLOGICAL_PROCESS	KW-0346~Stress response	6	4.65116279069768	0.00629316183301	SMC00912, SMC01142, SMC00949, SM_B21566, SMA0744, SMC04040	41	41	1337	4.77215942891136	0.172537439975444	0.094397427495143	0.088104265662133						
GOTERM_BP_DIRECT	GO:0019290~siderophore biosynthetic process	3	2.32558139534884	0.006575434209858	SMA2406, SMA2339, SMC02576	70	4	2024	21.6857142857143	0.276214523038084	0.078905210518297	0.077261351965833						
UP_SEQ_FEATURE	DOMAIN:HAMP	4	3.10077519379845	0.007274399522705	SMC03004, SMC01104, SMC00765, SMC01469	85	21	4331	9.70532212885154	0.583603954044644	0.436463971362306	0.436463971362306						
GOTERM_BP_DIRECT	GO:0019289~rhizobactin 1021 biosynthetic process	3	2.32558139534884	0.010718161392841	SMA2406, SMA2410, SMA2402	70	5	2024	17.3485714285714	0.410231220181203	0.102894349371272	0.100750717092703						
GOTERM_CC_DIRECT	GO:0005840~ribosome	6	4.65116279069768	0.011412950376776	SMC01318, SMC01294, SMC01298, SMC01300, SMC01310, SMC01302	62	45	1968	4.23225806451613	0.177277095415992	0.044486706577195	0.044486706577195						
UP_SEQ_FEATURE	BINDING:ATP	5	3.87596899224806	0.011572051187312	SMC02099, SMC04458, SM_B21566, SMA0744, SMC02438	85	46	4331	5.5383631713555	0.752598662604068	0.462882047492465	0.462882047492465						
UP_KW_BIOLOGICAL_PROCESS	KW-0283~Flagellar rotation	3	2.32558139534884	0.012136412690923	SMC03021, SMC03035, SMC03019	41	6	1337	16.3048780487805	0.306718951599379	0.121364126909229	0.11327318511528						
UP_KW_LIGAND	KW-0067~ATP-binding	10	7.75193798449612	0.012986962572521	SMC03173, SM_B21177, SMC02099, SMC03025, SMC04458, SM_B21566, SMC03007, SMA0744, SMA0855, SM_B20149	19	234	986	2.21772379667116	0.145180006282261	0.155843550870253	0.155843550870253						
GOTERM_CC_DIRECT	GO:0009288~bacterial-type flagellum	3	2.32558139534884	0.013084325463881	SMC03040, SMC03025, SMC03038	62	6	1968	15.8709677419355	0.200606168099919	0.044486706577195	0.044486706577195						
GOTERM_BP_DIRECT	GO:0044781~bacterial-type flagellum organization	3	2.32558139534884	0.015724726190555	SMC03052, SMC03025, SMC03050	70	6	2024	14.4571428571429	0.540048344179635	0.125500049629787	0.1228854652625						
UP_KW_BIOLOGICAL_PROCESS	KW-0536~Nodulation	5	3.87596899224806	0.016663176158704	SMA0868, SMA0878, SMA0875, SMA0852, SMA0855	41	34	1337	4.79555236728838	0.395955289395286	0.124973821190277	0.116642233110925						
UP_SEQ_FEATURE	BINDING:ATP	 via amide nitrogen	3	2.32558139534884	0.018249832878458	SMC02099, SM_B21566, SMA0744	85	11	4331	13.896256684492	0.890322368159879	0.547494986353741	0.547494986353741					
GOTERM_BP_DIRECT	GO:0007165~signal transduction	4	3.10077519379845	0.018302090571011	SMC03004, SMC01104, SMC00765, SMC01469	70	17	2024	6.80336134453782	0.59550287318016	0.125500049629787	0.1228854652625						
UP_SEQ_FEATURE	REGION:Disordered	20	15.5038759689922	0.028557687608352	SMC01290, SMC03042, SMC03052, SMC03057, SMC01142, SMC03014, SMC02101, SMC03044, SMC03881, SMC00640, SMA0875, SMC03007, SMC00485, SMC01104, SMC03004, SMA2339, SMC01469, SMC01721, SMC01306, SMC01547	85	627	4331	1.62529317947275	0.969094064424684	0.685384502600445	0.685384502600445						
GOTERM_MF_DIRECT	GO:0051082~unfolded protein binding	3	2.32558139534884	0.03349186085512	SMC02136, SM_B21566, SMA0744	74	14	3484	10.0888030888031	0.879012091116095	0.415299074603485	0.408600702432461						
UP_KW_CELLULAR_COMPONENT	KW-0963~Cytoplasm	15	11.6279069767442	0.035697858468547	SMC00912, SMC03969, SMA0868, SMA0878, SM_B21566, SMC02042, SMC03173, SMC01142, SMC02099, SMC03025, SMC02136, SMC04458, SMC03007, SMA0744, SMC02911	49	316	1767	1.71176698527512	0.304765504367425	0.071395716937094	0.042837430162257						
UP_KW_LIGAND	KW-0547~Nucleotide-binding	10	7.75193798449612	0.03973296726303	SMC03173, SM_B21177, SMC02099, SMC03025, SMC04458, SM_B21566, SMC03007, SMA0744, SMA0855, SM_B20149	19	278	986	1.86671715259371	0.385241941370135	0.238397803578181	0.238397803578181						
SMART	SM00304:HAMP	3	2.32558139534884	0.044409978511996	SMC01104, SMC00765, SMC01469	24	16	1067	8.3359375	0.678789190247838	0.370083154266629	0.370083154266629						
UP_KW_DOMAIN	KW-0175~Coiled coil	12	9.30232558139535	0.045683599107187	SMC03040, SM_B20020, SMC01142, SMC03033, SMC04458, SMC03007, SMA0744, SMC03048, SMC01104, SMC03038, SMC00765, SMC01469	35	339	1770	1.79013906447535	0.279146994101669	0.319785193750307	0.319785193750307						
UP_KW_CELLULAR_COMPONENT	KW-0964~Secreted	3	2.32558139534884	0.046584695279373	SMC03040, SMC03048, SMC03038	49	13	1767	8.32182103610675	0.379386538191556	0.077641158798955	0.046584695279373						
UP_SEQ_FEATURE	DOMAIN:AlcB	2	1.55038759689923	0.057076890954172	SMA2406, SMA2339	85	3	4331	33.9686274509804	0.999134726226277	1	1						
INTERPRO	IPR004090:Chemotaxis methyl-accepting receptor	2	1.55038759689923	0.058119857037076	SMC03004, SMC01104	97	3	4859	33.3951890034364	0.999999665100406	1	1						
INTERPRO	IPR003660:HAMP linker domain	3	2.32558139534884	0.058282265632722	SMC01104, SMC00765, SMC01469	97	20	4859	7.5139175257732	0.999999679176238	1	1						
UP_SEQ_FEATURE	COMPBIAS:Polar residues	6	4.65116279069768	0.061179191706165	SMC03042, SMC03014, SMC03044, SMC03007, SMC01721, SMC01547	85	110	4331	2.7792513368984	0.999487227385024	1	1						
GOTERM_MF_DIRECT	GO:0015416~ATPase-coupled organic phosphonate transmembrane transporter activity	2	1.55038759689923	0.0615682085246	SM_B21175, SM_B21177	74	3	3484	31.3873873873874	0.98054782592713	0.545318418360738	0.536522960000081						
GOTERM_MF_DIRECT	GO:0004888~transmembrane signaling receptor activity	2	1.55038759689923	0.0615682085246	SMC03004, SMC01104	74	3	3484	31.3873873873874	0.98054782592713	0.545318418360738	0.536522960000081						
UP_KW_BIOLOGICAL_PROCESS	KW-0653~Protein transport	3	2.32558139534884	0.063305530441635	SMC03025, SMC04458, SMC01721	41	14	1337	6.98780487804878	0.859415098111957	0.379833182649809	0.354510970473155						
GOTERM_MF_DIRECT	GO:0000049~tRNA binding	3	2.32558139534884	0.070385631773997	SMC01310, SMC01302, SMC01313	74	21	3484	6.72586872586873	0.989166337263614	0.545488646248472	0.536690442276723						
GOTERM_CC_DIRECT	GO:0005576~extracellular region	3	2.32558139534884	0.076609148979722	SMC03040, SMC03048, SMC03038	62	15	1968	6.34838709677419	0.742038648856001	0.217059255442547	0.217059255442547						
INTERPRO	IPR001492:Flagellin	2	1.55038759689923	0.076740222301015	SMC03040, SMC03038	97	4	4859	25.0463917525773	0.999999997679108	1	1						
INTERPRO	IPR014722:Ribosomal protein L2 domain 2	2	1.55038759689923	0.076740222301015	SMC01298, SMC01306	97	4	4859	25.0463917525773	0.999999997679108	1	1						
UP_SEQ_FEATURE	DOMAIN:Flagellin_D0/D1	2	1.55038759689923	0.093327300158648	SMC03040, SMC03038	85	5	4331	20.3811764705882	0.999992164536274	1	1						
INTERPRO	IPR008991:Translation protein SH3-like domain	2	1.55038759689923	0.094996234383788	SMC01298, SMC01306	97	5	4859	20.0371134020619	0.999999999983933	1	1						
INTERPRO	IPR001844:Chaperonin Cpn60	2	1.55038759689923	0.094996234383788	SM_B21566, SMA0744	97	5	4859	20.0371134020619	0.999999999983933	1	1						
INTERPRO	IPR027410:TCP-1-like chaperonin intermediate domain	2	1.55038759689923	0.094996234383788	SM_B21566, SMA0744	97	5	4859	20.0371134020619	0.999999999983933	1	1						
INTERPRO	IPR001029:Flagellin, D0/D1 domain	2	1.55038759689923	0.094996234383788	SMC03040, SMC03038	97	5	4859	20.0371134020619	0.999999999983933	1	1						
INTERPRO	IPR018370:Chaperonin Cpn60, conserved site	2	1.55038759689923	0.094996234383788	SM_B21566, SMA0744	97	5	4859	20.0371134020619	0.999999999983933	1	1						
INTERPRO	IPR027413:GroEL-like equatorial domain	2	1.55038759689923	0.094996234383788	SM_B21566, SMA0744	97	5	4859	20.0371134020619	0.999999999983933	1	1						
INTERPRO	IPR002423:Chaperonin Cpn60/TCP-1	2	1.55038759689923	0.094996234383788	SM_B21566, SMA0744	97	5	4859	20.0371134020619	0.999999999983933	1	1						
INTERPRO	IPR027409:GroEL-like apical domain	2	1.55038759689923	0.094996234383788	SM_B21566, SMA0744	97	5	4859	20.0371134020619	0.999999999983933	1	1						
INTERPRO	IPR001048:Aspartate/glutamate/uridylate kinase	2	1.55038759689923	0.094996234383788	SMC02099, SMC02438	97	5	4859	20.0371134020619	0.999999999983933	1	1						
																		
																		
																		
CLUSTERING																		
Annotation Cluster 1	Enrichment Score: 7.994436563430009																	
Category	Term	Count	%	PValue	Genes	List Total	Pop Hits	Pop Total	Fold Enrichment	Bonferroni	Benjamini	FDR						
UP_KW_CELLULAR_COMPONENT	KW-0966~Cell projection	14	10.8527131782946	1.74037808226752E-12	SMC03050, SMC03042, SMC03021, SMC03040, SMC03052, SMC03035, SMC03025, SMC03014, SMC03033, SMC03029, SMC03048, SMC03027, SMC03038, SMC03019	49	37	1767	13.6447876447876	1.7403856134024E-11	5.80126027422507E-12	3.48075616453504E-12						
UP_KW_CELLULAR_COMPONENT	KW-0969~Cilium	14	10.8527131782946	1.74037808226752E-12	SMC03050, SMC03042, SMC03021, SMC03040, SMC03052, SMC03035, SMC03025, SMC03014, SMC03033, SMC03029, SMC03048, SMC03027, SMC03038, SMC03019	49	37	1767	13.6447876447876	1.7403856134024E-11	5.80126027422507E-12	3.48075616453504E-12						
UP_KW_CELLULAR_COMPONENT	KW-0282~Flagellum	14	10.8527131782946	1.74037808226752E-12	SMC03050, SMC03042, SMC03021, SMC03040, SMC03052, SMC03035, SMC03025, SMC03014, SMC03033, SMC03029, SMC03048, SMC03027, SMC03038, SMC03019	49	37	1767	13.6447876447876	1.7403856134024E-11	5.80126027422507E-12	3.48075616453504E-12						
UP_KW_CELLULAR_COMPONENT	KW-0975~Bacterial flagellum	7	5.42635658914729	4.24129777391404E-06	SMC03021, SMC03040, SMC03014, SMC03029, SMC03048, SMC03038, SMC03019	49	18	1767	14.0238095238095	4.24121682606193E-05	1.06032444347851E-05	6.36194666087106E-06						
GOTERM_BP_DIRECT	GO:0071973~bacterial-type flagellum-dependent cell motility	7	5.42635658914729	1.16180353053535E-05	SMC03040, SMC03035, SMC03014, SMC03029, SMC03038, SMC03027, SMC03019	70	17	2024	11.9058823529412	0.000569125023848	0.000278832847328	0.000273023829676						
GOTERM_MF_DIRECT	GO:0003774~motor activity	3	2.32558139534884	0.004157366833841	SMC03014, SMC03029, SMC03019	74	5	3484	28.2486486486486	0.227631899137999	0.064439185924535	0.063399844216074						
																		
Annotation Cluster 2	Enrichment Score: 7.665649840262985																	
Category	Term	Count	%	PValue	Genes	List Total	Pop Hits	Pop Total	Fold Enrichment	Bonferroni	Benjamini	FDR						
GOTERM_MF_DIRECT	GO:0003735~structural constituent of ribosome	14	10.8527131782946	2.16643594385858E-11	SMC01318, SMC01290, SMC01292, SMC01294, SMC02101, SMC01298, SMC03881, SMC01300, SMC01310, SMC00485, SMC01302, SMC01313, SMC01304, SMC01306	74	53	3484	12.4365119836818	1.34318889344343E-09	1.34319028519232E-09	1.32152592575373E-09						
UP_KW_MOLECULAR_FUNCTION	KW-0687~Ribonucleoprotein	14	10.8527131782946	8.49755973054597E-11	SMC01318, SMC01290, SMC01292, SMC01294, SMC02101, SMC01298, SMC03881, SMC01300, SMC01310, SMC00485, SMC01302, SMC01313, SMC01304, SMC01306	55	56	2380	10.8181818181818	2.03941397103335E-09	1.01970716766552E-09	9.34731570360056E-10						
UP_KW_MOLECULAR_FUNCTION	KW-0689~Ribosomal protein	14	10.8527131782946	8.49755973054597E-11	SMC01318, SMC01290, SMC01292, SMC01294, SMC02101, SMC01298, SMC03881, SMC01300, SMC01310, SMC00485, SMC01302, SMC01313, SMC01304, SMC01306	55	56	2380	10.8181818181818	2.03941397103335E-09	1.01970716766552E-09	9.34731570360056E-10						
GOTERM_MF_DIRECT	GO:0019843~rRNA binding	10	7.75193798449612	2.82009888822838E-08	SMC01292, SMC01294, SMC01298, SMC01300, SMC00485, SMC01302, SMC01313, SMC01304, SMC01306, SMC01290	74	36	3484	13.0780780780781	1.7484598064943E-06	8.74230655350797E-07	8.60130160909655E-07						
GOTERM_BP_DIRECT	GO:0006412~translation	14	10.8527131782946	4.83598059907412E-08	SMC01318, SMC01290, SMC01292, SMC01294, SMC02101, SMC01298, SMC03881, SMC01300, SMC01310, SMC00485, SMC01302, SMC01313, SMC01304, SMC01306	70	61	2024	6.63606557377049	2.36962774069482E-06	2.32127068755558E-06	2.27291088156483E-06						
UP_KW_MOLECULAR_FUNCTION	KW-0699~rRNA-binding	10	7.75193798449612	7.89765645807891E-08	SMC01292, SMC01294, SMC01298, SMC01300, SMC00485, SMC01302, SMC01313, SMC01304, SMC01306, SMC01290	55	38	2380	11.3875598086124	1.8954358294021E-06	6.31812516646313E-07	5.79161473592453E-07						
UP_KW_MOLECULAR_FUNCTION	KW-0694~RNA-binding	11	8.52713178294574	2.45935894449766E-07	SMC01292, SMC01294, SMC01298, SMC01300, SMC00485, SMC01302, SMC01313, SMC01304, SMC01306, SMC01290, SMC01778	55	56	2380	8.5	5.90244477260971E-06	1.4756153666986E-06	1.35264741947371E-06						
GOTERM_CC_DIRECT	GO:0005840~ribosome	6	4.65116279069768	0.011412950376776	SMC01318, SMC01294, SMC01298, SMC01300, SMC01310, SMC01302	62	45	1968	4.23225806451613	0.177277095415992	0.044486706577195	0.044486706577195						
																		
Annotation Cluster 3	Enrichment Score: 2.912901217471043																	
Category	Term	Count	%	PValue	Genes	List Total	Pop Hits	Pop Total	Fold Enrichment	Bonferroni	Benjamini	FDR						
GOTERM_BP_DIRECT	GO:0006935~chemotaxis	6	4.65116279069768	0.000319243629313	SMC03021, SMC03035, SMC03007, SMC03004, SMC01104, SMC03019	70	19	2024	9.13082706766917	0.015523681290751	0.005107898069012	0.005001483525908						
UP_KW_BIOLOGICAL_PROCESS	KW-0145~Chemotaxis	5	3.87596899224806	0.000405112442772	SMC03021, SMC03035, SMC03007, SMC03004, SMC03019	41	13	1337	12.5422138836773	0.012082251977899	0.012153373283175	0.01134314839763						
GOTERM_CC_DIRECT	GO:0009425~bacterial-type flagellum basal body	4	3.10077519379845	0.00142104219061	SMC03021, SMC03035, SMC03029, SMC03019	62	8	1968	15.8709677419355	0.023885025813499	0.008052572413459	0.008052572413459						
UP_KW_BIOLOGICAL_PROCESS	KW-0283~Flagellar rotation	3	2.32558139534884	0.012136412690923	SMC03021, SMC03035, SMC03019	41	6	1337	16.3048780487805	0.306718951599379	0.121364126909229	0.11327318511528						
																		
Annotation Cluster 4	Enrichment Score: 2.789670590478108																	
Category	Term	Count	%	PValue	Genes	List Total	Pop Hits	Pop Total	Fold Enrichment	Bonferroni	Benjamini	FDR						
UP_KW_CELLULAR_COMPONENT	KW-0975~Bacterial flagellum	7	5.42635658914729	4.24129777391404E-06	SMC03021, SMC03040, SMC03014, SMC03029, SMC03048, SMC03038, SMC03019	49	18	1767	14.0238095238095	4.24121682606193E-05	1.06032444347851E-05	6.36194666087106E-06						
GOTERM_MF_DIRECT	GO:0005198~structural molecule activity	4	3.10077519379845	0.000458453166314	SMC03040, SMC03029, SMC03048, SMC03038	74	8	3484	23.5405405405405	0.028030266967525	0.009474698770484	0.009321881048379						
UP_KW_CELLULAR_COMPONENT	KW-0964~Secreted	3	2.32558139534884	0.046584695279373	SMC03040, SMC03048, SMC03038	49	13	1767	8.32182103610675	0.379386538191556	0.077641158798955	0.046584695279373						
GOTERM_CC_DIRECT	GO:0005576~extracellular region	3	2.32558139534884	0.076609148979722	SMC03040, SMC03048, SMC03038	62	15	1968	6.34838709677419	0.742038648856001	0.217059255442547	0.217059255442547						
																		
Annotation Cluster 5	Enrichment Score: 2.4225186772898066																	
Category	Term	Count	%	PValue	Genes	List Total	Pop Hits	Pop Total	Fold Enrichment	Bonferroni	Benjamini	FDR						
UP_SEQ_FEATURE	DOMAIN:Methyl-accepting transducer	4	3.10077519379845	0.000543529703841	SMC03004, SMC01104, SMC00765, SMC01469	85	9	4331	22.6457516339869	0.063158620311759	0.06522356446094	0.06522356446094						
UP_KW_MOLECULAR_FUNCTION	KW-0807~Transducer	4	3.10077519379845	0.000570827512448	SMC03004, SMC01104, SMC00765, SMC01469	55	8	2380	21.6363636363636	0.013610302681113	0.002283310049792	0.002093034212309						
INTERPRO	IPR004089:Methyl-accepting chemotaxis protein (MCP) signalling domain	4	3.10077519379845	0.000575979234299	SMC03004, SMC01104, SMC00765, SMC01469	97	9	4859	22.2634593356243	0.133644674803606	0.143418829340442	0.143418829340442						
SMART	SM00283:MA	4	3.10077519379845	0.000676707105577	SMC03004, SMC01104, SMC00765, SMC01469	24	9	1067	19.7592592592593	0.016781007980418	0.016917677639433	0.016917677639433						
UP_SEQ_FEATURE	DOMAIN:HAMP	4	3.10077519379845	0.007274399522705	SMC03004, SMC01104, SMC00765, SMC01469	85	21	4331	9.70532212885154	0.583603954044644	0.436463971362306	0.436463971362306						
GOTERM_BP_DIRECT	GO:0007165~signal transduction	4	3.10077519379845	0.018302090571011	SMC03004, SMC01104, SMC00765, SMC01469	70	17	2024	6.80336134453782	0.59550287318016	0.125500049629787	0.1228854652625						
SMART	SM00304:HAMP	3	2.32558139534884	0.044409978511996	SMC01104, SMC00765, SMC01469	24	16	1067	8.3359375	0.678789190247838	0.370083154266629	0.370083154266629						
INTERPRO	IPR003660:HAMP linker domain	3	2.32558139534884	0.058282265632722	SMC01104, SMC00765, SMC01469	97	20	4859	7.5139175257732	0.999999679176238	1	1						
																		
Annotation Cluster 6	Enrichment Score: 2.126405434996774																	
Category	Term	Count	%	PValue	Genes	List Total	Pop Hits	Pop Total	Fold Enrichment	Bonferroni	Benjamini	FDR						
UP_KW_MOLECULAR_FUNCTION	KW-0143~Chaperone	6	4.65116279069768	0.000461377628147	SMC00912, SMC01142, SMC02136, SM_B21566, SMA0744, SMC01721	55	30	2380	8.65454545454545	0.011014509447158	0.002214612615105	0.002030061563846						
UP_KW_BIOLOGICAL_PROCESS	KW-0346~Stress response	6	4.65116279069768	0.00629316183301	SMC00912, SMC01142, SMC00949, SM_B21566, SMA0744, SMC04040	41	41	1337	4.77215942891136	0.172537439975444	0.094397427495143	0.088104265662133						
GOTERM_MF_DIRECT	GO:0016887~ATPase activity	3	2.32558139534884	0.143832908591439	SMC00912, SM_B21566, SMA0744	74	32	3484	4.41385135135135	0.999934138910734	0.89176403326692	0.877380742407777						
																		
Annotation Cluster 7	Enrichment Score: 1.9997302069228677																	
Category	Term	Count	%	PValue	Genes	List Total	Pop Hits	Pop Total	Fold Enrichment	Bonferroni	Benjamini	FDR						
INTERPRO	IPR019432:Siderophore biosynthesis protein, conserved domain	3	2.32558139534884	0.002258761244314	SMA2406, SMA2339, SMC02576	97	4	4859	37.569587628866	0.430540553314677	0.281215774917066	0.281215774917066						
SMART	SM01006:SM01006	3	2.32558139534884	0.002599512688064	SMA2406, SMA2339, SMC02576	24	4	1067	33.34375	0.06300040802209	0.032493908600803	0.032493908600803						
GOTERM_BP_DIRECT	GO:0019290~siderophore biosynthetic process	3	2.32558139534884	0.006575434209858	SMA2406, SMA2339, SMC02576	70	4	2024	21.6857142857143	0.276214523038084	0.078905210518297	0.077261351965833						
INTERPRO	IPR016181:Acyl-CoA N-acyltransferase	3	2.32558139534884	0.259652474874165	SMA2406, SMA2339, SMC02576	97	50	4859	3.00556701030928	1	1	1						
																		
Annotation Cluster 8	Enrichment Score: 1.261519161834503																	
Category	Term	Count	%	PValue	Genes	List Total	Pop Hits	Pop Total	Fold Enrichment	Bonferroni	Benjamini	FDR						
UP_SEQ_FEATURE	BINDING:ATP	5	3.87596899224806	0.011572051187312	SMC02099, SMC04458, SM_B21566, SMA0744, SMC02438	85	46	4331	5.5383631713555	0.752598662604068	0.462882047492465	0.462882047492465						
UP_KW_LIGAND	KW-0067~ATP-binding	10	7.75193798449612	0.012986962572521	SMC03173, SM_B21177, SMC02099, SMC03025, SMC04458, SM_B21566, SMC03007, SMA0744, SMA0855, SM_B20149	19	234	986	2.21772379667116	0.145180006282261	0.155843550870253	0.155843550870253						
UP_SEQ_FEATURE	BINDING:ATP: via amide nitrogen	3	2.32558139534884	0.018249832878458	SMC02099, SM_B21566, SMA0744	85	11	4331	13.896256684492	0.890322368159879	0.547494986353741	0.547494986353741						
UP_KW_CELLULAR_COMPONENT	KW-0963~Cytoplasm	15	11.6279069767442	0.035697858468547	SMC00912, SMC03969, SMA0868, SMA0878, SM_B21566, SMC02042, SMC03173, SMC01142, SMC02099, SMC03025, SMC02136, SMC04458, SMC03007, SMA0744, SMC02911	49	316	1767	1.71176698527512	0.304765504367425	0.071395716937094	0.042837430162257						
UP_KW_LIGAND	KW-0547~Nucleotide-binding	10	7.75193798449612	0.03973296726303	SMC03173, SM_B21177, SMC02099, SMC03025, SMC04458, SM_B21566, SMC03007, SMA0744, SMA0855, SM_B20149	19	278	986	1.86671715259371	0.385241941370135	0.238397803578181	0.238397803578181						
GOTERM_CC_DIRECT	GO:0005737~cytoplasm	15	11.6279069767442	0.131276700560904	SMC00912, SMC03969, SMA0868, SMA0878, SM_B21566, SMC02042, SMC03173, SMC01142, SMC02099, SMC03025, SMC02136, SMC04458, SMC03007, SMA0744, SMC02911	62	331	1968	1.43845629080986	0.908591836615248	0.318814844219338	0.318814844219338						
GOTERM_MF_DIRECT	GO:0005524~ATP binding	12	9.30232558139535	0.345230075094263	SMC00912, SMC03173, SM_B21177, SMC02099, SMC03025, SMC04458, SM_B21566, SMC03007, SMA0744, SMA0855, SM_B20149, SMC02438	74	452	3484	1.24994020569242	0.999999999996042	1	1						
UP_SEQ_FEATURE	NP_BIND:ATP	7	5.42635658914729	0.458754608651032	SM_B21177, SMC02099, SMC03025, SMC04458, SM_B21566, SMA0744, SMC02438	85	279	4331	1.27838920514442	1	1	1						
																		
Annotation Cluster 9	Enrichment Score: 0.2957420168179719																	
Category	Term	Count	%	PValue	Genes	List Total	Pop Hits	Pop Total	Fold Enrichment	Bonferroni	Benjamini	FDR						
INTERPRO	IPR006059:Bacterial extracellular solute-binding, family 1	3	2.32558139534884	0.20102135026147	SM_B21273, SMC01652, SMC00991	97	42	4859	3.5780559646539	1	1	1						
UP_KW_CELLULAR_COMPONENT	KW-0574~Periplasm	4	3.10077519379845	0.596880920231888	SM_B21273, SMA0104, SMC01652, SMC00991	49	112	1767	1.28790087463557	0.999886672961574	0.715008555472527	0.596880920231888						
GOTERM_CC_DIRECT	GO:0042597~periplasmic space	4	3.10077519379845	0.703744323231616	SM_B21273, SMA0104, SMC01652, SMC00991	62	115	1968	1.10406732117812	0.999999998956882	1	1						
UP_KW_DOMAIN	KW-0732~Signal	10	7.75193798449612	0.777118317268247	SMC02171, SM_B21273, SMC02178, SMC03033, SMA0104, SMA0875, SMC01652, SMC00991, SMC00620, SMC04317	35	550	1770	0.919480519480519	0.999972677486717	1	1						
																		
Annotation Cluster 10	Enrichment Score: 0.23595875616322873																	
Category	Term	Count	%	PValue	Genes	List Total	Pop Hits	Pop Total	Fold Enrichment	Bonferroni	Benjamini	FDR						
UP_KW_MOLECULAR_FUNCTION	KW-1278~Translocase	3	2.32558139534884	0.429790524752329	SM_B21177, SMC03025, SMC04458	55	64	2380	2.02840909090909	0.999998604189971	0.973314961572096	0.892205381441088						
UP_SEQ_FEATURE	NP_BIND:ATP	7	5.42635658914729	0.458754608651032	SM_B21177, SMC02099, SMC03025, SMC04458, SM_B21566, SMA0744, SMC02438	85	279	4331	1.27838920514442	1	1	1						
INTERPRO	IPR027417:P-loop containing nucleoside triphosphate hydrolase	3	2.32558139534884	0.993771309998053	SM_B21177, SMC03025, SMC04458	97	349	4859	0.430596992880986	1	1	1						
																		
Annotation Cluster 11	Enrichment Score: 0.19143176091182648																	
Category	Term	Count	%	PValue	Genes	List Total	Pop Hits	Pop Total	Fold Enrichment	Bonferroni	Benjamini	FDR						
UP_KW_CELLULAR_COMPONENT	KW-0997~Cell inner membrane	7	5.42635658914729	0.268591082479705	SMC03021, SM_B21177, SMC03035, SMC03014, SMC04458, SMC01721, SMC03019	49	161	1767	1.5678793256433	0.956187048520335	0.383701546399579	0.268591082479705						
UP_KW_CELLULAR_COMPONENT	KW-1003~Cell membrane	11	8.52713178294574	0.643507699925275	SMC03042, SMC03829, SMC03021, SM_B21177, SMC03035, SMC03014, SMC04458, SMC01882, SMC02545, SMC01721, SMC03019	49	391	1767	1.01451015188684	0.999966848625538	0.715008555472527	0.643507699925275						
GOTERM_CC_DIRECT	GO:0005886~plasma membrane	12	9.30232558139535	0.99226913327655	SMC03042, SMC03829, SMC03021, SMC04294, SM_B21177, SMC03035, SMC03014, SMC04458, SMC01882, SMC03158, SMC01721, SMC03019	62	604	1968	0.630634479812006	1	1	1						
UP_KW_CELLULAR_COMPONENT	KW-0472~Membrane	23	17.8294573643411	0.999995710558704	SMC03829, SM_B21175, SM_B21177, SMC03042, SMC03021, SMC04294, SMC03057, SMC03167, SMC03035, SMC03014, SMC02054, SMC02882, SMC04458, SMC01882, SMC03238, SMC02545, SMC01104, SMC03158, SMC01469, SMC00765, SMC00566, SMC01721, SMC03019	49	1316	1767	0.630249364183363	1	0.999995710558704	0.999995710558704						
																		
Annotation Cluster 12	Enrichment Score: 0.01363169842192267																	
Category	Term	Count	%	PValue	Genes	List Total	Pop Hits	Pop Total	Fold Enrichment	Bonferroni	Benjamini	FDR						
UP_SEQ_FEATURE	TRANSMEM:Helical	17	13.1782945736434	0.936298614216619	SMC03829, SM_B21175, SMC03042, SMC04294, SMC03167, SMC03035, SMC03014, SMC02882, SMC01882, SMC03238, SMC02545, SMC01104, SMC03158, SMC01469, SMC00765, SMC00566, SMC01721	85	1104	4331	0.784601449275362	1	1	1						
UP_KW_DOMAIN	KW-0812~Transmembrane	15	11.6279069767442	0.953086396674	SMC03829, SMC03042, SMC03057, SMC03167, SMC03014, SMC02054, SMC02882, SMC01882, SMC03238, SMC02545, SMC01104, SMC01469, SMC00765, SMC00566, SMC01721	35	954	1770	0.795148247978436	0.99999999949986	1	1						
UP_KW_DOMAIN	KW-1133~Transmembrane helix	8	6.2015503875969	0.957848325353644	SMC03014, SMC02882, SMC03238, SMC01104, SMC00765, SMC01469, SMC00566, SMC01721	35	574	1770	0.704828272772524	0.999999999763569	1	1						
UP_KW_CELLULAR_COMPONENT	KW-0472~Membrane	23	17.8294573643411	0.999995710558704	SMC03829, SM_B21175, SM_B21177, SMC03042, SMC03021, SMC04294, SMC03057, SMC03167, SMC03035, SMC03014, SMC02054, SMC02882, SMC04458, SMC01882, SMC03238, SMC02545, SMC01104, SMC03158, SMC01469, SMC00765, SMC00566, SMC01721, SMC03019	49	1316	1767	0.630249364183363	1	0.999995710558704	0.999995710558704						
GOTERM_CC_DIRECT	GO:0016021~integral component of membrane	17	13.1782945736434	0.999999942327966	SMC03829, SMC03042, SMC04294, SMC03057, SMC03167, SMC03035, SMC03014, SMC02054, SMC02882, SMC01882, SMC03238, SMC01104, SMC03158, SMC01469, SMC00765, SMC00566, SMC01721	62	1148	1968	0.470046082949309	1	1	1						
																		
																		
																		
TABLE																		
ID	Gene Name	Species	GOTERM_BP_DIRECT	GOTERM_CC_DIRECT	GOTERM_MF_DIRECT	INTERPRO	PIR_SUPERFAMILY	SMART	UP_KW_BIOLOGICAL_PROCESS	UP_KW_CELLULAR_COMPONENT	UP_KW_DOMAIN	UP_KW_LIGAND	UP_KW_MOLECULAR_FUNCTION	UP_KW_PTM	UP_SEQ_FEATURE			
SMc01310	30S ribosomal protein S10(rpsJ)	Sinorhizobium meliloti 2011	GO:0006412~translation,	GO:0005840~ribosome,	GO:0000049~tRNA binding,GO:0003735~structural constituent of ribosome,	IPR001848:Ribosomal protein S10,IPR018268:Ribosomal protein S10, conserved site,IPR027486:Ribosomal protein S10 domain,		SM01403:SM01403,					KW-0687~Ribonucleoprotein,KW-0689~Ribosomal protein,		DOMAIN:Ribosomal_S10,			
SMc01300	30S ribosomal protein S17(rpsQ)	Sinorhizobium meliloti 2011	GO:0006412~translation,	GO:0005840~ribosome,	GO:0003735~structural constituent of ribosome,GO:0019843~rRNA binding,	IPR000266:Ribosomal protein S17,IPR012340:Nucleic acid-binding, OB-fold,IPR019984:Ribosomal protein S17, bacterial-type,							KW-0687~Ribonucleoprotein,KW-0689~Ribosomal protein,KW-0694~RNA-binding,KW-0699~rRNA-binding,					
SMc02101	30S ribosomal protein S2(rpsB)	Sinorhizobium meliloti 2011	GO:0006412~translation,	GO:0015935~small ribosomal subunit,	GO:0003735~structural constituent of ribosome,	IPR001865:Ribosomal protein S2,IPR005706:Ribosomal protein S2, bacteria/mitochondria/plastid,IPR018130:Ribosomal protein S2, conserved site,IPR023591:Ribosomal protein S2, flavodoxin-like domain,							KW-0687~Ribonucleoprotein,KW-0689~Ribosomal protein,		REGION:Disordered,			
SMc00485	30S ribosomal protein S4(rpsD)	Sinorhizobium meliloti 2011	GO:0006412~translation,	GO:0015935~small ribosomal subunit,	GO:0003735~structural constituent of ribosome,GO:0019843~rRNA binding,	IPR001912:Ribosomal protein S4/S9, N-terminal,IPR002942:RNA-binding S4 domain,IPR005709:Ribosomal protein S4, bacterial-type,IPR018079:Ribosomal protein S4, conserved site,IPR022801:Ribosomal protein S4/S9,		SM00363:S4,SM01390:SM01390,					KW-0687~Ribonucleoprotein,KW-0689~Ribosomal protein,KW-0694~RNA-binding,KW-0699~rRNA-binding,		COMPBIAS:Basic and acidic residues,DOMAIN:Ribosomal_S4,DOMAIN:S4,DOMAIN:S4 RNA-binding,REGION:Disordered,			
SMc01292	30S ribosomal protein S5(rpsE)	Sinorhizobium meliloti 2011	GO:0006412~translation,	GO:0015935~small ribosomal subunit,	GO:0003735~structural constituent of ribosome,GO:0019843~rRNA binding,	IPR000851:Ribosomal protein S5,IPR005324:Ribosomal protein S5, C-terminal,IPR005712:Ribosomal protein S5, bacterial-type,IPR013810:Ribosomal protein S5, N-terminal,IPR014721:Ribosomal protein S5 domain 2-type fold, subgroup,IPR018192:Ribosomal protein S5, N-terminal, conserved site,IPR020568:Ribosomal protein S5 domain 2-type fold,							KW-0687~Ribonucleoprotein,KW-0689~Ribosomal protein,KW-0694~RNA-binding,KW-0699~rRNA-binding,		DOMAIN:S5 DRBM,			
SMc01313	30S ribosomal protein S7(rpsG)	Sinorhizobium meliloti 2011	GO:0006412~translation,	GO:0015935~small ribosomal subunit,	GO:0000049~tRNA binding,GO:0003735~structural constituent of ribosome,GO:0019843~rRNA binding,	IPR000235:Ribosomal protein S5/S7,IPR005717:Ribosomal protein S7, bacterial/organellar-type,IPR020606:Ribosomal protein S7, conserved site,IPR023798:Ribosomal protein S7 domain,	PIRSF002122:ribosomal protein, S7p/S7a/S5e/organellar S7 types,						KW-0687~Ribonucleoprotein,KW-0689~Ribosomal protein,KW-0694~RNA-binding,KW-0699~rRNA-binding,KW-0820~tRNA-binding,		DOMAIN:Ribosomal_S7,			
SM_b21285	5-hydroxyisourate hydrolase 1(C770_RS29655)	Sinorhizobium meliloti GR4	GO:0006144~purine nucleobase metabolic process,		GO:0033971~hydroxyisourate hydrolase activity,	IPR000895:Transthyretin/hydroxyisourate hydrolase,IPR014306:Hydroxyisourate hydrolase,IPR023416:Transthyretin/hydroxyisourate hydrolase, superfamily,IPR023418:Transthyretin, thyroxine binding site,IPR023419:Transthyretin, conserved site,			KW-0659~Purine metabolism,				KW-0378~Hydrolase,		BINDING:Substrate,DOMAIN:TR_THY,			
SMc01290	50S ribosomal protein L15(rplO)	Sinorhizobium meliloti 2011	GO:0006412~translation,	GO:0015934~large ribosomal subunit,	GO:0003735~structural constituent of ribosome,GO:0019843~rRNA binding,	IPR001196:Ribosomal protein L15, conserved site,IPR005749:Ribosomal protein L15, bacterial-type,IPR021131:Ribosomal protein L18e/L15P,							KW-0687~Ribonucleoprotein,KW-0689~Ribosomal protein,KW-0694~RNA-binding,KW-0699~rRNA-binding,		COMPBIAS:Basic and acidic residues,REGION:Disordered,			
SMc01302	50S ribosomal protein L16(rplP)	Sinorhizobium meliloti 2011	GO:0006412~translation,	GO:0005840~ribosome,	GO:0000049~tRNA binding,GO:0003735~structural constituent of ribosome,GO:0019843~rRNA binding,	IPR000114:Ribosomal protein L16,IPR016180:Ribosomal protein L10e/L16,IPR020798:Ribosomal protein L16, conserved site,							KW-0687~Ribonucleoprotein,KW-0689~Ribosomal protein,KW-0694~RNA-binding,KW-0699~rRNA-binding,KW-0820~tRNA-binding,		DOMAIN:Ribosomal_L16,			
SMc01306	50S ribosomal protein L2(rplB)	Sinorhizobium meliloti 2011	GO:0006412~translation,	GO:0015934~large ribosomal subunit,	GO:0003735~structural constituent of ribosome,GO:0016740~transferase activity,GO:0019843~rRNA binding,	IPR002171:Ribosomal protein L2,IPR005880:Ribosomal protein L2, bacterial/organellar-type,IPR008991:Translation protein SH3-like domain,IPR012340:Nucleic acid-binding, OB-fold,IPR014722:Ribosomal protein L2 domain 2,IPR014726:Ribosomal protein L2, domain 3,IPR022666:Ribosomal Proteins L2, RNA binding domain,IPR022669:Ribosomal protein L2, C-terminal,IPR022671:Ribosomal protein L2, conserved site,	PIRSF002158:ribosomal protein, L2p/L2a/L8e/organellar L2 types,	SM01382:SM01382,SM01383:SM01383,					KW-0687~Ribonucleoprotein,KW-0689~Ribosomal protein,KW-0694~RNA-binding,KW-0699~rRNA-binding,		DOMAIN:Ribosomal_L2_C,REGION:Disordered,			
SMc01304	50S ribosomal protein L22(rplV)	Sinorhizobium meliloti 2011	GO:0006412~translation,	GO:0015934~large ribosomal subunit,	GO:0003735~structural constituent of ribosome,GO:0019843~rRNA binding,	IPR001063:Ribosomal protein L22/L17,IPR005727:Ribosomal protein L22, bacterial/chloroplast-type,IPR018260:Ribosomal protein L22/L17, conserved site,							KW-0687~Ribonucleoprotein,KW-0689~Ribosomal protein,KW-0694~RNA-binding,KW-0699~rRNA-binding,					
SMc01298	50S ribosomal protein L24(rplX)	Sinorhizobium meliloti 2011	GO:0006412~translation,	GO:0005840~ribosome,	GO:0003735~structural constituent of ribosome,GO:0019843~rRNA binding,	IPR003256:Ribosomal protein L24,IPR005824:KOW,IPR005825:Ribosomal protein L24/L26, conserved site,IPR008991:Translation protein SH3-like domain,IPR014722:Ribosomal protein L2 domain 2,		SM00739:KOW,					KW-0687~Ribonucleoprotein,KW-0689~Ribosomal protein,KW-0694~RNA-binding,KW-0699~rRNA-binding,		DOMAIN:KOW,			
SMc03881	50S ribosomal protein L32(SM2011_RS31025)	Sinorhizobium meliloti 2011	GO:0006412~translation,	GO:0015934~large ribosomal subunit,	GO:0003735~structural constituent of ribosome,	IPR002677:Ribosomal protein L32p,IPR011332:Ribosomal protein, zinc-binding domain,							KW-0687~Ribonucleoprotein,KW-0689~Ribosomal protein,		REGION:Disordered,			
SMc01294	50S ribosomal protein L6(rplF)	Sinorhizobium meliloti 2011	GO:0006412~translation,	GO:0005840~ribosome,	GO:0003735~structural constituent of ribosome,GO:0019843~rRNA binding,	IPR000702:Ribosomal protein L6,IPR002358:Ribosomal protein L6, conserved site,IPR019906:Ribosomal protein L6, bacterial-type,IPR020040:Ribosomal protein L6, alpha-beta domain,	PIRSF002162:ribosomal protein, L6p/L6a/L9e/organellar L9 types,						KW-0687~Ribonucleoprotein,KW-0689~Ribosomal protein,KW-0694~RNA-binding,KW-0699~rRNA-binding,		DOMAIN:Ribosomal_L6,			
SMc01318	50S ribosomal protein L7/L12(rplL)	Sinorhizobium meliloti 2011	GO:0006412~translation,	GO:0005840~ribosome,	GO:0003735~structural constituent of ribosome,	IPR000206:Ribosomal protein L7/L12,IPR008932:Ribosomal protein L7/L12, oligomerisation,IPR013823:Ribosomal protein L7/L12, C-terminal,IPR014719:Ribosomal protein L7/L12, C-terminal/adaptor protein ClpS-like,							KW-0687~Ribonucleoprotein,KW-0689~Ribosomal protein,		DOMAIN:Ribosomal_L12,DOMAIN:Ribosomal_L12_N,			
SMc04294	ABC transporter permease(SM2011_RS24310)	Sinorhizobium meliloti 2011	GO:0055085~transmembrane transport,	GO:0005886~plasma membrane,GO:0016021~integral component of membrane,		IPR000515:Binding-protein-dependent transport systems inner membrane component,			KW-0813~Transport,	KW-0472~Membrane,					DOMAIN:ABC transmembrane type-1,TRANSMEM:Helical,			
SMc03158	ABC transporter permease(SM2011_RS29080)	Sinorhizobium meliloti 2011	GO:0055085~transmembrane transport,	GO:0005886~plasma membrane,GO:0016021~integral component of membrane,		IPR000515:Binding-protein-dependent transport systems inner membrane component,			KW-0813~Transport,	KW-0472~Membrane,					DOMAIN:ABC transmembrane type-1,TRANSMEM:Helical,			
SMc03829	ABC transporter permease(SM2011_RS30765)	Sinorhizobium meliloti 2011		GO:0005886~plasma membrane,GO:0016021~integral component of membrane,	GO:0022857~transmembrane transporter activity,	IPR001851:ABC transporter, permease,				KW-0472~Membrane,KW-1003~Cell membrane,	KW-0812~Transmembrane,				TRANSMEM:Helical,			
SM_b21273	ABC transporter substrate-binding protein(C770_RS29715)	Sinorhizobium meliloti GR4		GO:0042597~periplasmic space,		IPR006059:Bacterial extracellular solute-binding, family 1,			KW-0813~Transport,	KW-0574~Periplasm,	KW-0732~Signal,							
SMa0104	ABC transporter substrate-binding protein(SM2011_RS00275)	Sinorhizobium meliloti 2011	GO:0055085~transmembrane transport,	GO:0042597~periplasmic space,GO:0043190~ATP-binding cassette (ABC) transporter complex,		IPR000914:Bacterial extracellular solute-binding protein, family 5,	PIRSF002741:peptide binding protein, MppA type,			KW-0574~Periplasm,	KW-0732~Signal,				DOMAIN:SBP_bac_5,			
SM_b21273	ABC transporter substrate-binding protein(SM2011_RS10515)	Sinorhizobium meliloti 2011		GO:0042597~periplasmic space,		IPR006059:Bacterial extracellular solute-binding, family 1,			KW-0813~Transport,	KW-0574~Periplasm,	KW-0732~Signal,							
SMc04317	ABC transporter substrate-binding protein(SM2011_RS24845)	Sinorhizobium meliloti 2011				IPR026045:Ferric binding protein,	PIRSF002825:ferric binding protein,				KW-0732~Signal,							
SMc01652	ABC transporter substrate-binding protein(SM2011_RS25905)	Sinorhizobium meliloti 2011	GO:0015846~polyamine transport,	GO:0042597~periplasmic space,	GO:0019808~polyamine binding,	IPR001188:Bacterial periplasmic spermidine/putrescine-binding protein,IPR006059:Bacterial extracellular solute-binding, family 1,			KW-0813~Transport,	KW-0574~Periplasm,	KW-0732~Signal,							
SMc01882	AzlC family ABC transporter permease(SM2011_RS25380)	Sinorhizobium meliloti 2011		GO:0005886~plasma membrane,GO:0016021~integral component of membrane,		IPR011606:Branched-chain amino acid transport, permease,			KW-0813~Transport,	KW-0472~Membrane,KW-1003~Cell membrane,	KW-0812~Transmembrane,				TRANSMEM:Helical,			
SMc03167	DHA2 family efflux MFS transporter permease subunit(SM2011_RS29125)	Sinorhizobium meliloti 2011		GO:0016021~integral component of membrane,	GO:0022857~transmembrane transporter activity,	IPR004638:Drug resistance transporter EmrB/QacA subfamily,IPR011701:Major facilitator superfamily,IPR020846:Major facilitator superfamily domain,				KW-0472~Membrane,	KW-0812~Transmembrane,				DOMAIN:MFS,TRANSMEM:Helical,			
SMc03023	DUF1217 domain-containing protein(SM2011_RS17640)	Sinorhizobium meliloti 2011				IPR010626:Protein of unknown function DUF1217,IPR023157:AGR-C-984p-like domain,												
SMc02545	EamA family transporter RarD(rarD)	Sinorhizobium meliloti 2011		GO:0005887~integral component of plasma membrane,		IPR000620:Drug/metabolite transporter,IPR004626:RarD protein,			KW-0813~Transport,	KW-0472~Membrane,KW-1003~Cell membrane,	KW-0812~Transmembrane,				DOMAIN:EamA,TRANSMEM:Helical,			
SMc03031	Flagellar protein FlgA(flgA)	Sinorhizobium meliloti 1021	GO:0044780~bacterial-type flagellum assembly,	GO:0042597~periplasmic space,		IPR013974:SAF domain,IPR017585:Flagella basal body P-ring formation protein FlgA, C-terminal,		SM00858:SM00858,	KW-1005~Bacterial flagellum biogenesis,	KW-0574~Periplasm,	KW-0732~Signal,							
SMc04040	Hsp20 family protein(SM2011_RS28745)	Sinorhizobium meliloti 2011				IPR002068:Alpha crystallin/Hsp20 domain,IPR008978:HSP20-like chaperone,			KW-0346~Stress response,						DOMAIN:SHSP,			
SMc02136	Hsp33 family molecular chaperone(SM2011_RS16940)	Sinorhizobium meliloti 2011	GO:0006457~protein folding,	GO:0005737~cytoplasm,	GO:0051082~unfolded protein binding,	IPR000397:Heat shock protein Hsp33,IPR016153:Heat shock protein Hsp33, N-terminal,IPR016154:Heat shock protein Hsp33, C-terminal,IPR023212:Heat shock protein Hsp33, helix hairpin bin domain,	PIRSF005261:chaperonin, HSP33 type,			KW-0963~Cytoplasm,	KW-0676~Redox-active center,	KW-0862~Zinc,	KW-0143~Chaperone,	KW-1015~Disulfide bond,				
SMc00815	IMP dehydrogenase(guaB)	Sinorhizobium meliloti 2011	GO:0006177~GMP biosynthetic process,		GO:0000166~nucleotide binding,GO:0003938~IMP dehydrogenase activity,GO:0046872~metal ion binding,	IPR000644:Cystathionine beta-synthase, core,IPR001093:IMP dehydrogenase/GMP reductase,IPR005990:Inosine-5'-monophosphate dehydrogenase,IPR013785:Aldolase-type TIM barrel,IPR015875:IMP dehydrogenase / GMP reductase, conserved site,	PIRSF000130:inosine-5'-monophosphate dehydrogenase,	SM00116:CBS,				KW-0520~NAD,KW-0630~Potassium,			ACT_SITE:Proton acceptor,ACT_SITE:Thioimidate intermediate,BINDING:IMP,BINDING:NAD,DOMAIN:CBS,METAL:Potassium	 via carbonyl oxygen,METAL:Potassium	 via carbonyl oxygen	 shared with tetrameric partner,NP_BIND:NAD,REGION:IMP binding,
SM_b21113	L-fuconate dehydratase(SM2011_RS10115)	Sinorhizobium meliloti 2011	GO:0009063~cellular amino acid catabolic process,GO:0016052~carbohydrate catabolic process,		GO:0016853~isomerase activity,GO:0046872~metal ion binding,GO:0050023~L-fuconate dehydratase activity,	IPR013341:Mandelate racemase/muconate lactonizing enzyme, N-terminal,IPR013342:Mandelate racemase/muconate lactonizing enzyme, C-terminal,IPR018110:Mandelate racemase/muconate lactonizing enzyme, conserved site,		SM00922:SM00922,					KW-0413~Isomerase,		DOMAIN:MR_MLE,			
SMc03033	MotE family protein(SM2011_RS17690)	Sinorhizobium meliloti 2011								KW-0282~Flagellum,KW-0966~Cell projection,KW-0969~Cilium,	KW-0175~Coiled coil,KW-0732~Signal,							
SMa0864	Nod factor export ATP-binding protein I(nodI)	Sinorhizobium meliloti 1021		GO:0005886~plasma membrane,	GO:0005524~ATP binding,GO:0042626~ATPase activity, coupled to transmembrane movement of substances,	IPR003439:ABC transporter-like,IPR003593:AAA+ ATPase domain,IPR005978:Nodulation ABC transporter, NodI,IPR015851:ABC transporter, NodI,IPR017871:ABC transporter, conserved site,IPR027417:P-loop containing nucleoside triphosphate hydrolase,		SM00382:AAA,	KW-0536~Nodulation,KW-0813~Transport,	KW-0472~Membrane,KW-0997~Cell inner membrane,KW-1003~Cell membrane,		KW-0067~ATP-binding,KW-0547~Nucleotide-binding,	KW-1278~Translocase,		DOMAIN:ABC transporter,NP_BIND:ATP,			
SMa1386	Oxidoreductase(SMa1386)	Sinorhizobium meliloti 1021			GO:0016491~oxidoreductase activity,	IPR006076:FAD dependent oxidoreductase,							KW-0560~Oxidoreductase,		DOMAIN:DAO,			
SMc01333	Peptide chain release factor 2(prfB)	Sinorhizobium meliloti 1021		GO:0005737~cytoplasm,	GO:0016149~translation release factor activity, codon specific,	IPR000352:Peptide chain release factor class I/class II,IPR004374:Peptide chain release factor 2,IPR005139:Peptide chain release factor,		SM00937:SM00937,		KW-0963~Cytoplasm,	KW-0175~Coiled coil,				DOMAIN:RF_PROK_I,			
SMc04290	Probable amidase(SMc04290)	Sinorhizobium meliloti 1021			GO:0016811~hydrolase activity, acting on carbon-nitrogen (but not peptide) bonds, in linear amides,	IPR004304:Acetamidase/Formamidase,							KW-0378~Hydrolase,					
SMc00888	Putative 2-component receiver domain protein(SMc00888)	Sinorhizobium meliloti 1021	GO:0000160~phosphorelay signal transduction system,			IPR000014:PAS domain,IPR001789:Signal transduction response regulator, receiver domain,IPR011006:CheY-like superfamily,IPR013656:PAS fold-4,		SM00091:PAS,SM00448:REC,						KW-0597~Phosphoprotein,	DOMAIN:PAS,DOMAIN:Response regulatory,			
SM_b20368	Putative efflux transporter(SM_b20368)	Sinorhizobium meliloti 1021		GO:0016020~membrane,	GO:0022857~transmembrane transporter activity,	IPR006143:RND efflux pump, membrane fusion protein,					KW-0175~Coiled coil,				DOMAIN:HlyD,DOMAIN:HlyD_D23,			
SM_b20857	Putative glucose-6-phosphate isomerase 2(pgiA2)	Sinorhizobium meliloti 1021	GO:0006094~gluconeogenesis,GO:0006096~glycolytic process,	GO:0005737~cytoplasm,	GO:0004347~glucose-6-phosphate isomerase activity,GO:0005506~iron ion binding,	IPR010551:Glucose-6-phosphate isomerase, prokaryote,IPR011051:RmlC-like cupin domain,IPR014710:RmlC-like jelly roll fold,IPR016758:Glucose-6-phosphate isomerase, subgroup,	PIRSF019325:glucose-6-phosphate isomerase,		KW-0312~Gluconeogenesis,KW-0324~Glycolysis,	KW-0963~Cytoplasm,		KW-0408~Iron,KW-0479~Metal-binding,	KW-0413~Isomerase,		METAL:Iron,			
SM_b21295	Putative small heat shock protein, hsp20 family(SM_b21295)	Sinorhizobium meliloti 1021				IPR002068:Alpha crystallin/Hsp20 domain,IPR008978:HSP20-like chaperone,									DOMAIN:SHSP,			
SMc01092	Putative transcriptional regulator(SMc01092)	Sinorhizobium meliloti 1021			GO:0003700~transcription factor activity, sequence-specific DNA binding,	IPR000847:Transcription regulator HTH, LysR,IPR005119:LysR, substrate-binding,									DOMAIN:HTH lysR-type,			
SM_b21208	Putative transcriptional regulator, TetR family protein(SM_b21208)	Sinorhizobium meliloti 1021			GO:0003677~DNA binding,	IPR001647:DNA-binding HTH domain, TetR-type,IPR009057:Homeodomain-like,IPR015292:Transcription regulator YbiH, C-terminal,							KW-0238~DNA-binding,		DNA_BIND:H-T-H motif,DOMAIN:HTH tetR-type,			
SMc01959	TRm1a transposase(TRm1a)	Sinorhizobium meliloti 1021	GO:0006313~transposition, DNA-mediated,		GO:0004803~transposase activity,GO:0043565~sequence-specific DNA binding,	IPR002514:Transposase IS3/IS911family,IPR010921:Trp repressor/replication initiator,					KW-0175~Coiled coil,							
SMc02866	TetR family transcriptional regulator(SM2011_RS15295)	Sinorhizobium meliloti 2011			GO:0003677~DNA binding,	IPR001647:DNA-binding HTH domain, TetR-type,IPR009057:Homeodomain-like,IPR013572:Transcription regulator MAATS, C-terminal,IPR023772:DNA-binding HTH domain, TetR-type, conserved site,							KW-0238~DNA-binding,		DNA_BIND:H-T-H motif,DOMAIN:HTH tetR-type,			
SMa2008	TetR/AcrR family transcriptional regulator(SM2011_RS05540)	Sinorhizobium meliloti 2011			GO:0003677~DNA binding,	IPR001647:DNA-binding HTH domain, TetR-type,IPR009057:Homeodomain-like,IPR011075:Tetracycline transcriptional regulator, TetR-related, C-terminal,							KW-0238~DNA-binding,		DNA_BIND:H-T-H motif,DOMAIN:HTH tetR-type,			
SMa2215	Transcriptional regulator, GntR family(SMa2215)	Sinorhizobium meliloti 1021	GO:0006547~histidine metabolic process,GO:0045892~negative regulation of transcription, DNA-templated,		GO:0003677~DNA binding,GO:0003700~transcription factor activity, sequence-specific DNA binding,	IPR000524:Transcription regulator HTH, GntR,IPR010248:Histidine utilization repressor,IPR011663:UbiC transcription regulator-associated,		SM00345:HTH_GNTR,SM00866:SM00866,							DOMAIN:HTH gntR-type,			
SMc02099	UMP kinase(SM2011_RS21955)	Sinorhizobium meliloti 2011	GO:0044210~'de novo' CTP biosynthetic process,	GO:0005737~cytoplasm,	GO:0005524~ATP binding,GO:0033862~UMP kinase activity,	IPR001048:Aspartate/glutamate/uridylate kinase,IPR011817:Uridylate kinase,IPR015963:Uridylate kinase, bacteria,	PIRSF005650:uridylate kinase,		KW-0665~Pyrimidine biosynthesis,	KW-0963~Cytoplasm,		KW-0067~ATP-binding,KW-0547~Nucleotide-binding,	KW-0021~Allosteric enzyme,KW-0418~Kinase,KW-0808~Transferase,		BINDING:ATP,BINDING:ATP	 via amide nitrogen,BINDING:ATP	 via amide nitrogen and carbonyl oxygen,BINDING:UMP,BINDING:UMP	 via amide nitrogen,DOMAIN:AA_kinase,NP_BIND:ATP,NP_BIND:UMP,REGION:Involved in allosteric activation by GTP,
SMa0850	Uncharacterized protein(SMa0850)	Sinorhizobium meliloti 1021													REGION:Disordered,			
SMc03969	YebC/PmpR family DNA-binding transcriptional regulator(SM2011_RS28400)	Sinorhizobium meliloti 2011	GO:0006355~regulation of transcription, DNA-templated,	GO:0005737~cytoplasm,	GO:0003677~DNA binding,	IPR002876:Transcriptional regulator TACO1-like,IPR017856:Integrase, N-terminal zinc-binding domain-like,IPR026564:Transcriptional regulator TACO1-like, domain 3,			KW-0804~Transcription,KW-0805~Transcription regulation,	KW-0963~Cytoplasm,			KW-0238~DNA-binding,					
SMc03238	YggT family protein(SM2011_RS30100)	Sinorhizobium meliloti 2011		GO:0016021~integral component of membrane,		IPR003425:Uncharacterised protein family Ycf19,				KW-0472~Membrane,	KW-0812~Transmembrane,KW-1133~Transmembrane helix,				TRANSMEM:Helical,			
SMa2339	acetyltransferase(SM2011_RS06420)	Sinorhizobium meliloti 2011	GO:0019290~siderophore biosynthetic process,		GO:0016746~transferase activity, transferring acyl groups,	IPR016181:Acyl-CoA N-acyltransferase,IPR019432:Siderophore biosynthesis protein, conserved domain,		SM01006:SM01006,							DOMAIN:AlcB,REGION:Disordered,			
SMc02576	acetyltransferase(SM2011_RS14595)	Sinorhizobium meliloti 2011	GO:0019290~siderophore biosynthetic process,		GO:0047663~aminoglycoside 6'-N-acetyltransferase activity,	IPR000182:GNAT domain,IPR016181:Acyl-CoA N-acyltransferase,IPR019432:Siderophore biosynthesis protein, conserved domain,		SM01006:SM01006,					KW-0012~Acyltransferase,KW-0808~Transferase,		DOMAIN:N-acetyltransferase,			
SMc00977	acyl-CoA dehydrogenase(SM2011_RS18770)	Sinorhizobium meliloti 2011			GO:0003995~acyl-CoA dehydrogenase activity,GO:0008470~isovaleryl-CoA dehydrogenase activity,GO:0050660~flavin adenine dinucleotide binding,	IPR006089:Acyl-CoA dehydrogenase, conserved site,IPR006091:Acyl-CoA oxidase/dehydrogenase, central domain,IPR009075:Acyl-CoA dehydrogenase/oxidase C-terminal,IPR009100:Acyl-CoA dehydrogenase/oxidase,IPR013786:Acyl-CoA dehydrogenase/oxidase, N-terminal,IPR025878:Acetyl-CoA dehydrogenase-like C-terminal domain,						KW-0274~FAD,			DOMAIN:Acyl-CoA_dh_1,DOMAIN:Acyl-CoA_dh_C,DOMAIN:Acyl-CoA_dh_M,DOMAIN:Acyl-CoA_dh_N,			
SMa1377	amidase(SM2011_RS03795)	Sinorhizobium meliloti 2011			GO:0016787~hydrolase activity,	IPR000120:Amidase,IPR020556:Amidase, conserved site,IPR023631:Amidase signature domain,									DOMAIN:Amidase,			
SMc02438	aspartate kinase(SM2011_RS27695)	Sinorhizobium meliloti 2011	GO:0009088~threonine biosynthetic process,GO:0009089~lysine biosynthetic process via diaminopimelate,		GO:0004072~aspartate kinase activity,GO:0005524~ATP binding,	IPR001048:Aspartate/glutamate/uridylate kinase,IPR001341:Aspartate kinase domain,IPR002912:ACT domain,IPR005260:Aspartate kinase, monofunctional class,IPR018042:Aspartate kinase, conserved site,	PIRSF000726:aspartate kinase,		KW-0457~Lysine biosynthesis,				KW-0418~Kinase,KW-0808~Transferase,		BINDING:ATP,BINDING:ATP	 via amide nitrogen and carbonyl oxygen,BINDING:Substrate,DOMAIN:ACT,NP_BIND:ATP,		
SMa0744	chaperonin GroEL(groL)	Sinorhizobium meliloti 2011	GO:0042026~protein refolding,	GO:0005737~cytoplasm,	GO:0005524~ATP binding,GO:0016887~ATPase activity,GO:0051082~unfolded protein binding,	IPR001844:Chaperonin Cpn60,IPR002423:Chaperonin Cpn60/TCP-1,IPR018370:Chaperonin Cpn60, conserved site,IPR027409:GroEL-like apical domain,IPR027410:TCP-1-like chaperonin intermediate domain,IPR027413:GroEL-like equatorial domain,			KW-0346~Stress response,	KW-0963~Cytoplasm,	KW-0175~Coiled coil,	KW-0067~ATP-binding,KW-0547~Nucleotide-binding,	KW-0143~Chaperone,KW-0413~Isomerase,		BINDING:ATP,BINDING:ATP	 via amide nitrogen,NP_BIND:ATP,		
SM_b21566	chaperonin GroEL(groL)	Sinorhizobium meliloti 2011	GO:0042026~protein refolding,	GO:0005737~cytoplasm,	GO:0005524~ATP binding,GO:0016887~ATPase activity,GO:0051082~unfolded protein binding,	IPR001844:Chaperonin Cpn60,IPR002423:Chaperonin Cpn60/TCP-1,IPR018370:Chaperonin Cpn60, conserved site,IPR027409:GroEL-like apical domain,IPR027410:TCP-1-like chaperonin intermediate domain,IPR027413:GroEL-like equatorial domain,			KW-0346~Stress response,	KW-0963~Cytoplasm,		KW-0067~ATP-binding,KW-0547~Nucleotide-binding,	KW-0143~Chaperone,KW-0413~Isomerase,		BINDING:ATP,BINDING:ATP	 via amide nitrogen,NP_BIND:ATP,		
SMc03007	chemotaxis protein CheA(SM2011_RS17560)	Sinorhizobium meliloti 2011	GO:0006935~chemotaxis,	GO:0005737~cytoplasm,	GO:0000155~phosphorelay sensor kinase activity,GO:0005524~ATP binding,	IPR002545:CheW-like protein,IPR003594:Histidine kinase-like ATPase, ATP-binding domain,IPR004105:Signal transduction histidine kinase, subgroup, homodimeric,IPR004358:Signal transduction histidine kinase-related protein, C-terminal,IPR005467:Signal transduction histidine kinase, core,IPR008207:Signal transduction histidine kinase, phosphotransfer (Hpt) domain,		SM00073:HPT,SM00260:CheW,SM00387:HATPase_c,SM01231:SM01231,	KW-0145~Chemotaxis,KW-0902~Two-component regulatory system,	KW-0963~Cytoplasm,	KW-0175~Coiled coil,	KW-0067~ATP-binding,KW-0547~Nucleotide-binding,	KW-0418~Kinase,KW-0808~Transferase,	KW-0597~Phosphoprotein,	COMPBIAS:Polar residues,DOMAIN:CheW-like,DOMAIN:HPt,DOMAIN:Histidine kinase,REGION:Disordered,			
SMa0868	chitooligosaccharide deacetylase NodB(nodB)	Sinorhizobium meliloti 2011	GO:0005975~carbohydrate metabolic process,	GO:0005737~cytoplasm,	GO:0016810~hydrolase activity, acting on carbon-nitrogen (but not peptide) bonds,GO:0046872~metal ion binding,	IPR002509:Polysaccharide deacetylase,IPR011330:Glycoside hydrolase/deacetylase, beta/alpha-barrel,IPR026402:Chitooligosaccharide deacetylase NodB,			KW-0536~Nodulation,	KW-0963~Cytoplasm,		KW-0479~Metal-binding,	KW-0378~Hydrolase,		ACT_SITE:Proton acceptor,ACT_SITE:Proton donor,DOMAIN:NodB homology,METAL:Divalent metal cation	 via tele nitrogen,SITE:Raises pKa of active site His,		
SMa0868	chitooligosaccharide deacetylase(C770_RS23680)	Sinorhizobium meliloti GR4	GO:0005975~carbohydrate metabolic process,	GO:0005737~cytoplasm,	GO:0016810~hydrolase activity, acting on carbon-nitrogen (but not peptide) bonds,GO:0046872~metal ion binding,	IPR002509:Polysaccharide deacetylase,IPR011330:Glycoside hydrolase/deacetylase, beta/alpha-barrel,IPR026402:Chitooligosaccharide deacetylase NodB,			KW-0536~Nodulation,	KW-0963~Cytoplasm,		KW-0479~Metal-binding,	KW-0378~Hydrolase,		ACT_SITE:Proton acceptor,ACT_SITE:Proton donor,DOMAIN:NodB homology,METAL:Divalent metal cation	 via tele nitrogen,SITE:Raises pKa of active site His,		
SMc03858	chorismate mutase(SM2011_RS30910)	Sinorhizobium meliloti 2011	GO:0046417~chorismate metabolic process,		GO:0004106~chorismate mutase activity,	IPR002701:Chorismate mutase,IPR010951:Chorismate mutase, bacteria,		SM00830:SM00830,					KW-0413~Isomerase,		DOMAIN:Chorismate mutase,			
SMc03143	class I SAM-dependent methyltransferase(SM2011_RS29385)	Sinorhizobium meliloti 2011	GO:0032259~methylation,		GO:0008168~methyltransferase activity,								KW-0489~Methyltransferase,KW-0808~Transferase,					
SMc00912	co-chaperone GroES(groES)	Sinorhizobium meliloti 2011	GO:0006457~protein folding,	GO:0005737~cytoplasm,	GO:0005524~ATP binding,GO:0016887~ATPase activity,	IPR011032:GroES-like,IPR018369:Chaperonin Cpn10, conserved site,IPR020818:Chaperonin Cpn10,		SM00883:SM00883,	KW-0346~Stress response,	KW-0963~Cytoplasm,			KW-0143~Chaperone,					
SMc02382	diacylglycerol kinase family lipid kinase(SM2011_RS19600)	Sinorhizobium meliloti 2011			GO:0003951~NAD+ kinase activity,	IPR001206:Diacylglycerol kinase, catalytic domain,IPR016064:ATP-NAD kinase-like domain,IPR017438:Inorganic polyphosphate/ATP-NAD kinase, domain 1,							KW-0418~Kinase,KW-0808~Transferase,		DOMAIN:DAGKc,			
SMa2402	diaminobutyrate decarboxylase(rhbB)	Sinorhizobium meliloti 2011	GO:0019289~rhizobactin 1021 biosynthetic process,GO:0019752~carboxylic acid metabolic process,		GO:0030170~pyridoxal phosphate binding,GO:0033983~diaminobutyrate decarboxylase activity,	IPR002129:Pyridoxal phosphate-dependent decarboxylase,IPR015421:Pyridoxal phosphate-dependent transferase, major region, subdomain 1,IPR015424:Pyridoxal phosphate-dependent transferase,IPR021115:Pyridoxal-phosphate binding site,						KW-0663~Pyridoxal phosphate,	KW-0210~Decarboxylase,KW-0456~Lyase,					
SMc00620	esterase-like activity of phytase family protein(SM2011_RS20365)	Sinorhizobium meliloti 2011				IPR027372:Phytase-like domain,					KW-0732~Signal,				DOMAIN:Phytase-like,			
SMc03014	flagellar M-ring protein FliF(fliF)	Sinorhizobium meliloti 2011	GO:0071973~bacterial-type flagellum-dependent cell motility,	GO:0005886~plasma membrane,GO:0009431~bacterial-type flagellum basal body, MS ring,GO:0016021~integral component of membrane,	GO:0003774~motor activity,	IPR000067:Flagellar M-ring protein FliF,IPR006182:Secretory protein YscJ/FliF,IPR013556:Flagellar M-ring C-terminal,	PIRSF004862:flagellar m ring protein,			KW-0282~Flagellum,KW-0472~Membrane,KW-0966~Cell projection,KW-0969~Cilium,KW-0975~Bacterial flagellum,KW-0997~Cell inner membrane,KW-1003~Cell membrane,	KW-0812~Transmembrane,KW-1133~Transmembrane helix,				COMPBIAS:Basic and acidic residues,COMPBIAS:Polar residues,DOMAIN:YscJ_FliF,DOMAIN:YscJ_FliF_C,REGION:Disordered,TRANSMEM:Helical,			
SMc03027	flagellar basal body rod protein FlgB(flgB)	Sinorhizobium meliloti 2011	GO:0071973~bacterial-type flagellum-dependent cell motility,	GO:0030694~bacterial-type flagellum basal body, rod,		IPR001444:Flagellar basal body rod protein, N-terminal,IPR006300:Flagellar basal-body rod protein FlgB,	PIRSF002889:flagellar basal-body rod protein FlgB,			KW-0282~Flagellum,KW-0966~Cell projection,KW-0969~Cilium,					DOMAIN:Flg_bb_rod,			
SMc03035	flagellar basal body-associated FliL family protein(SM2011_RS17700)	Sinorhizobium meliloti 2011	GO:0006935~chemotaxis,GO:0071973~bacterial-type flagellum-dependent cell motility,	GO:0005886~plasma membrane,GO:0009425~bacterial-type flagellum basal body,GO:0016021~integral component of membrane,		IPR005503:Flagellar basal body-associated protein FliL,			KW-0145~Chemotaxis,KW-0283~Flagellar rotation,	KW-0282~Flagellum,KW-0472~Membrane,KW-0966~Cell projection,KW-0969~Cilium,KW-0997~Cell inner membrane,KW-1003~Cell membrane,					TRANSMEM:Helical,			
SMc03050	flagellar biosynthesis regulator FlaF(flaF)	Sinorhizobium meliloti 2011	GO:0044781~bacterial-type flagellum organization,			IPR010845:Flagellar FlaF,				KW-0282~Flagellum,KW-0966~Cell projection,KW-0969~Cilium,								
SMc03052	flagellar hook assembly protein FlgD(flgD)	Sinorhizobium meliloti 2011	GO:0044781~bacterial-type flagellum organization,			IPR005648:Flagellar hook capping protein,			KW-1005~Bacterial flagellum biogenesis,	KW-0282~Flagellum,KW-0966~Cell projection,KW-0969~Cilium,					REGION:Disordered,			
SMc03048	flagellar hook-associated protein FlgK(flgK)	Sinorhizobium meliloti 2011	GO:0044780~bacterial-type flagellum assembly,	GO:0005576~extracellular region,GO:0009424~bacterial-type flagellum hook,	GO:0005198~structural molecule activity,	IPR002371:Flagellar hook-associated protein, FlgK,IPR010930:Flagellar basal-body/hook protein, C-terminal domain,				KW-0282~Flagellum,KW-0964~Secreted,KW-0966~Cell projection,KW-0969~Cilium,KW-0975~Bacterial flagellum,	KW-0175~Coiled coil,				DOMAIN:Flg_bbr_C,			
SMc03029	flagellar hook-basal body complex protein FliE(fliE)	Sinorhizobium meliloti 2011	GO:0071973~bacterial-type flagellum-dependent cell motility,	GO:0009425~bacterial-type flagellum basal body,	GO:0003774~motor activity,GO:0005198~structural molecule activity,	IPR001624:Flagellar hook-basal body complex protein FliE,				KW-0282~Flagellum,KW-0966~Cell projection,KW-0969~Cilium,KW-0975~Bacterial flagellum,								
SMc03044	flagellar hook-length control protein FliK(SM2011_RS17745)	Sinorhizobium meliloti 2011				IPR021136:Flagellar hook-length control protein-like, C-terminal,									COMPBIAS:Basic and acidic residues,COMPBIAS:Polar residues,DOMAIN:Flg_hook,REGION:Disordered,			
SMc03042	flagellar motor protein MotB(SM2011_RS17735)	Sinorhizobium meliloti 2011		GO:0005886~plasma membrane,GO:0016021~integral component of membrane,		IPR006665:Outer membrane protein, OmpA/MotB, C-terminal,IPR025713:Motility protein B, N-terminal domain,				KW-0282~Flagellum,KW-0472~Membrane,KW-0966~Cell projection,KW-0969~Cilium,KW-1003~Cell membrane,	KW-0812~Transmembrane,				COMPBIAS:Polar residues,DOMAIN:OmpA-like,REGION:Disordered,TRANSMEM:Helical,			
SMc03019	flagellar motor switch protein FliG(fliG)	Sinorhizobium meliloti 2011	GO:0006935~chemotaxis,GO:0071973~bacterial-type flagellum-dependent cell motility,	GO:0005886~plasma membrane,GO:0009425~bacterial-type flagellum basal body,	GO:0003774~motor activity,	IPR000090:Flagellar motor switch protein FliG,IPR011002:Flagellar motor switch protein FliG, alpha-helical,			KW-0145~Chemotaxis,KW-0283~Flagellar rotation,	KW-0282~Flagellum,KW-0472~Membrane,KW-0966~Cell projection,KW-0969~Cilium,KW-0975~Bacterial flagellum,KW-0997~Cell inner membrane,KW-1003~Cell membrane,					DOMAIN:FliG_C,DOMAIN:FliG_M,DOMAIN:FliG_N,MOTIF:Part of the EHPQR-motif,SITE:Part of the EHPQR-motif,			
SMc03021	flagellar motor switch protein FliM(SM2011_RS17630)	Sinorhizobium meliloti 2011	GO:0006935~chemotaxis,GO:0097588~archaeal or bacterial-type flagellum-dependent cell motility,	GO:0005886~plasma membrane,GO:0009425~bacterial-type flagellum basal body,		IPR001543:Surface presentation of antigen (SpoA),			KW-0145~Chemotaxis,KW-0283~Flagellar rotation,	KW-0282~Flagellum,KW-0472~Membrane,KW-0966~Cell projection,KW-0969~Cilium,KW-0975~Bacterial flagellum,KW-0997~Cell inner membrane,KW-1003~Cell membrane,					DOMAIN:FliMN_C,			
SMc03025	flagellar protein export ATPase FliI(fliI)	Sinorhizobium meliloti 2011	GO:0030254~protein secretion by the type III secretion system,GO:0044781~bacterial-type flagellum organization,	GO:0005737~cytoplasm,GO:0009288~bacterial-type flagellum,GO:0030257~type III protein secretion system complex,	GO:0005524~ATP binding,GO:0046933~proton-transporting ATP synthase activity, rotational mechanism,GO:0046961~proton-transporting ATPase activity, rotational mechanism,	IPR000194:ATPase, F1/V1/A1 complex, alpha/beta subunit, nucleotide-binding domain,IPR003593:AAA+ ATPase domain,IPR005714:ATPase, type III secretion system, FliI/YscN,IPR020003:ATPase, alpha/beta subunit, nucleotide-binding domain, active site,IPR022426:Flagellum-specific ATP synthase,IPR027417:P-loop containing nucleoside triphosphate hydrolase,		SM00382:AAA,	KW-0066~ATP synthesis,KW-0375~Hydrogen ion transport,KW-0406~Ion transport,KW-0653~Protein transport,KW-0813~Transport,KW-1005~Bacterial flagellum biogenesis,KW-1006~Bacterial flagellum protein export,	KW-0282~Flagellum,KW-0963~Cytoplasm,KW-0966~Cell projection,KW-0969~Cilium,		KW-0067~ATP-binding,KW-0547~Nucleotide-binding,	KW-0378~Hydrolase,KW-1278~Translocase,		DOMAIN:AAA,NP_BIND:ATP,			
SMc03038	flagellin B(SM2011_RS17715)	Sinorhizobium meliloti 2011	GO:0071973~bacterial-type flagellum-dependent cell motility,	GO:0005576~extracellular region,GO:0009288~bacterial-type flagellum,	GO:0005198~structural molecule activity,	IPR001029:Flagellin, D0/D1 domain,IPR001492:Flagellin,				KW-0282~Flagellum,KW-0964~Secreted,KW-0966~Cell projection,KW-0969~Cilium,KW-0975~Bacterial flagellum,	KW-0175~Coiled coil,				DOMAIN:Flagellin_D0/D1,			
SMc03040	flagellin C(SM2011_RS17725)	Sinorhizobium meliloti 2011	GO:0071973~bacterial-type flagellum-dependent cell motility,	GO:0005576~extracellular region,GO:0009288~bacterial-type flagellum,	GO:0005198~structural molecule activity,	IPR001029:Flagellin, D0/D1 domain,IPR001492:Flagellin,				KW-0282~Flagellum,KW-0964~Secreted,KW-0966~Cell projection,KW-0969~Cilium,KW-0975~Bacterial flagellum,	KW-0175~Coiled coil,				DOMAIN:Flagellin_D0/D1,			
SM_b20149	four-carbon acid sugar kinase family protein(SM2011_RS07320)	Sinorhizobium meliloti 2011	GO:0005975~carbohydrate metabolic process,		GO:0005524~ATP binding,GO:0016301~kinase activity,	IPR010737:Protein of unknown function, DUF1537,			KW-0119~Carbohydrate metabolism,			KW-0067~ATP-binding,KW-0547~Nucleotide-binding,	KW-0418~Kinase,KW-0808~Transferase,		DOMAIN:NBD_C,DOMAIN:SBD_N,			
SM_b21113	fuconate dehydratase(C770_RS30115)	Sinorhizobium meliloti GR4	GO:0009063~cellular amino acid catabolic process,GO:0016052~carbohydrate catabolic process,		GO:0016853~isomerase activity,GO:0046872~metal ion binding,GO:0050023~L-fuconate dehydratase activity,	IPR013341:Mandelate racemase/muconate lactonizing enzyme, N-terminal,IPR013342:Mandelate racemase/muconate lactonizing enzyme, C-terminal,IPR018110:Mandelate racemase/muconate lactonizing enzyme, conserved site,		SM00922:SM00922,					KW-0413~Isomerase,		DOMAIN:MR_MLE,			
SMc03004	globin-coupled sensor protein(SM2011_RS17545)	Sinorhizobium meliloti 2011	GO:0006935~chemotaxis,GO:0007165~signal transduction,	GO:0016020~membrane,	GO:0004888~transmembrane signaling receptor activity,GO:0019825~oxygen binding,GO:0020037~heme binding,	IPR004089:Methyl-accepting chemotaxis protein (MCP) signalling domain,IPR004090:Chemotaxis methyl-accepting receptor,IPR009050:Globin-like,IPR012292:Globin, structural domain,		SM00283:MA,	KW-0145~Chemotaxis,				KW-0675~Receptor,KW-0807~Transducer,		DOMAIN:HAMP,DOMAIN:Methyl-accepting transducer,REGION:Disordered,			
SMc02042	glucose-6-phosphate isomerase(SM2011_RS27365)	Sinorhizobium meliloti 2011	GO:0006094~gluconeogenesis,GO:0006096~glycolytic process,	GO:0005737~cytoplasm,	GO:0004347~glucose-6-phosphate isomerase activity,GO:0005506~iron ion binding,	IPR010551:Glucose-6-phosphate isomerase, prokaryote,IPR011051:RmlC-like cupin domain,IPR014710:RmlC-like jelly roll fold,IPR016758:Glucose-6-phosphate isomerase, subgroup,	PIRSF019325:glucose-6-phosphate isomerase,		KW-0312~Gluconeogenesis,KW-0324~Glycolysis,	KW-0963~Cytoplasm,		KW-0408~Iron,KW-0479~Metal-binding,	KW-0413~Isomerase,		DOMAIN:GPI,METAL:Iron,			
SMa0878	glutamine--fructose-6-phosphate transaminase (isomerizing)(glmS)	Sinorhizobium meliloti 2011	GO:0005975~carbohydrate metabolic process,GO:0006541~glutamine metabolic process,GO:1901137~carbohydrate derivative biosynthetic process,	GO:0005737~cytoplasm,	GO:0004360~glutamine-fructose-6-phosphate transaminase (isomerizing) activity,GO:0097367~carbohydrate derivative binding,	IPR001347:Sugar isomerase (SIS),IPR005855:Glucosamine-fructose-6-phosphate aminotransferase, isomerising,IPR017932:Glutamine amidotransferase type 2 domain,			KW-0536~Nodulation,	KW-0963~Cytoplasm,	KW-0315~Glutamine amidotransferase,KW-0677~Repeat,		KW-0032~Aminotransferase,KW-0808~Transferase,		ACT_SITE:For Fru-6P isomerization activity,ACT_SITE:Nucleophile	 for GATase activity,DOMAIN:Glutamine amidotransferase type-2,DOMAIN:SIS 1,DOMAIN:SIS 2,		
SMc00097	glutathione S-transferase family protein(SM2011_RS19195)	Sinorhizobium meliloti 2011	GO:0006749~glutathione metabolic process,		GO:0004364~glutathione transferase activity,GO:0016740~transferase activity,	IPR004045:Glutathione S-transferase, N-terminal,IPR004046:Glutathione S-transferase, C-terminal,IPR010987:Glutathione S-transferase, C-terminal-like,							KW-0808~Transferase,		DOMAIN:GST C-terminal,DOMAIN:GST N-terminal,			
SMc00949	heat shock protein HspQ(hspQ)	Sinorhizobium meliloti 2011			GO:0003677~DNA binding,	IPR011722:Hemimethylated DNA-binding domain,		SM00992:SM00992,	KW-0346~Stress response,				KW-0238~DNA-binding,		DOMAIN:YccV-like,			
SMc00293	homoserine dehydrogenase(SM2011_RS23170)	Sinorhizobium meliloti 2011	GO:0009086~methionine biosynthetic process,GO:0009088~threonine biosynthetic process,GO:0009097~isoleucine biosynthetic process,		GO:0004412~homoserine dehydrogenase activity,GO:0050661~NADP binding,	IPR001342:Homoserine dehydrogenase, catalytic,IPR002912:ACT domain,IPR005106:Aspartate/homoserine dehydrogenase, NAD-binding,IPR016204:Homoserine dehydrogenase,IPR019811:Homoserine dehydrogenase, conserved site,	PIRSF000098:homoserine dehydrogenase,		KW-0100~Branched-chain amino acid biosynthesis,			KW-0521~NADP,			ACT_SITE:Proton donor,BINDING:NADP,BINDING:Substrate,DOMAIN:ACT,NP_BIND:NADP,			
SMa0852	host-specificity nodulation protein HsnA(hsnA)	Sinorhizobium meliloti 2011				IPR006162:Phosphopantetheine attachment site,IPR009081:Acyl carrier protein-like,			KW-0536~Nodulation,					KW-0596~Phosphopantetheine,KW-0597~Phosphoprotein,	DOMAIN:Carrier,			
SM_b21285	hydroxyisourate hydrolase(uraH)	Sinorhizobium meliloti 2011	GO:0006144~purine nucleobase metabolic process,		GO:0033971~hydroxyisourate hydrolase activity,	IPR000895:Transthyretin/hydroxyisourate hydrolase,IPR014306:Hydroxyisourate hydrolase,IPR023416:Transthyretin/hydroxyisourate hydrolase, superfamily,IPR023418:Transthyretin, thyroxine binding site,IPR023419:Transthyretin, conserved site,			KW-0659~Purine metabolism,				KW-0378~Hydrolase,		BINDING:Substrate,DOMAIN:TR_THY,			
SMc02178	hypothetical protein(SM2011_RS16695)	Sinorhizobium meliloti 2011									KW-0732~Signal,							
SMc03057	hypothetical protein(SM2011_RS17820)	Sinorhizobium meliloti 2011		GO:0016021~integral component of membrane,						KW-0472~Membrane,	KW-0812~Transmembrane,				REGION:Disordered,			
SMc02054	hypothetical protein(SM2011_RS22180)	Sinorhizobium meliloti 2011		GO:0016021~integral component of membrane,						KW-0472~Membrane,	KW-0812~Transmembrane,							
SMc01547	hypothetical protein(SM2011_RS26045)	Sinorhizobium meliloti 2011													COMPBIAS:Polar residues,REGION:Disordered,			
SMc03173	lysine--tRNA ligase(lysS)	Sinorhizobium meliloti 2011	GO:0006430~lysyl-tRNA aminoacylation,	GO:0005737~cytoplasm,	GO:0000287~magnesium ion binding,GO:0003676~nucleic acid binding,GO:0004824~lysine-tRNA ligase activity,GO:0005524~ATP binding,	IPR002313:Lysine-tRNA ligase, class II,IPR004364:Aminoacyl-tRNA synthetase, class II (D/K/N),IPR004365:Nucleic acid binding, OB-fold, tRNA/helicase-type,IPR006195:Aminoacyl-tRNA synthetase, class II,IPR012340:Nucleic acid-binding, OB-fold,IPR018149:Lysyl-tRNA synthetase, class II, C-terminal,			KW-0648~Protein biosynthesis,	KW-0963~Cytoplasm,		KW-0067~ATP-binding,KW-0460~Magnesium,KW-0479~Metal-binding,KW-0547~Nucleotide-binding,	KW-0030~Aminoacyl-tRNA synthetase,KW-0436~Ligase,		DOMAIN:AA_TRNA_LIGASE_II,METAL:Magnesium 1,METAL:Magnesium 2,			
SMc01721	membrane protein insertase YidC(yidC)	Sinorhizobium meliloti 2011	GO:0015031~protein transport,	GO:0005886~plasma membrane,GO:0016021~integral component of membrane,	GO:0032977~membrane insertase activity,	IPR001708:Membrane insertase OXA1/ALB3/YidC,IPR019998:Membrane insertase YidC,			KW-0653~Protein transport,KW-0813~Transport,	KW-0472~Membrane,KW-0997~Cell inner membrane,KW-1003~Cell membrane,	KW-0812~Transmembrane,KW-1133~Transmembrane helix,		KW-0143~Chaperone,		COMPBIAS:Polar residues,DOMAIN:YidC_periplas,REGION:Disordered,TRANSMEM:Helical,			
SMc00566	membrane protein(SM2011_RS20105)	Sinorhizobium meliloti 2011		GO:0016021~integral component of membrane,						KW-0472~Membrane,	KW-0812~Transmembrane,KW-1133~Transmembrane helix,				TRANSMEM:Helical,			
SMc01104	methyl-accepting chemotaxis protein(SM2011_RS16430)	Sinorhizobium meliloti 2011	GO:0006935~chemotaxis,GO:0007165~signal transduction,	GO:0016021~integral component of membrane,	GO:0004888~transmembrane signaling receptor activity,	IPR003660:HAMP linker domain,IPR004089:Methyl-accepting chemotaxis protein (MCP) signalling domain,IPR004090:Chemotaxis methyl-accepting receptor,		SM00283:MA,SM00304:HAMP,		KW-0472~Membrane,	KW-0175~Coiled coil,KW-0812~Transmembrane,KW-1133~Transmembrane helix,		KW-0675~Receptor,KW-0807~Transducer,		DOMAIN:HAMP,DOMAIN:Methyl-accepting transducer,REGION:Disordered,TRANSMEM:Helical,			
SMc00765	methyl-accepting chemotaxis protein(SM2011_RS17905)	Sinorhizobium meliloti 2011	GO:0007165~signal transduction,	GO:0016021~integral component of membrane,		IPR003660:HAMP linker domain,IPR004089:Methyl-accepting chemotaxis protein (MCP) signalling domain,		SM00283:MA,SM00304:HAMP,		KW-0472~Membrane,	KW-0175~Coiled coil,KW-0812~Transmembrane,KW-1133~Transmembrane helix,		KW-0807~Transducer,		DOMAIN:HAMP,DOMAIN:Methyl-accepting transducer,TRANSMEM:Helical,			
SMc01469	methyl-accepting chemotaxis protein(SM2011_RS25340)	Sinorhizobium meliloti 2011	GO:0007165~signal transduction,	GO:0016021~integral component of membrane,		IPR003660:HAMP linker domain,IPR004089:Methyl-accepting chemotaxis protein (MCP) signalling domain,		SM00283:MA,SM00304:HAMP,		KW-0472~Membrane,	KW-0175~Coiled coil,KW-0812~Transmembrane,KW-1133~Transmembrane helix,		KW-0807~Transducer,		DOMAIN:HAMP,DOMAIN:Methyl-accepting transducer,REGION:Disordered,TRANSMEM:Helical,			
SMa0744	molecular chaperone GroEL(groEL)	Sinorhizobium meliloti GR4	GO:0042026~protein refolding,	GO:0005737~cytoplasm,	GO:0005524~ATP binding,GO:0016887~ATPase activity,GO:0051082~unfolded protein binding,	IPR001844:Chaperonin Cpn60,IPR002423:Chaperonin Cpn60/TCP-1,IPR018370:Chaperonin Cpn60, conserved site,IPR027409:GroEL-like apical domain,IPR027410:TCP-1-like chaperonin intermediate domain,IPR027413:GroEL-like equatorial domain,			KW-0346~Stress response,	KW-0963~Cytoplasm,	KW-0175~Coiled coil,	KW-0067~ATP-binding,KW-0547~Nucleotide-binding,	KW-0143~Chaperone,KW-0413~Isomerase,		BINDING:ATP,BINDING:ATP	 via amide nitrogen,NP_BIND:ATP,		
SMa0875	nodulation protein NolG(nolG)	Sinorhizobium meliloti 2011		GO:0016020~membrane,	GO:0022857~transmembrane transporter activity,	IPR001036:Acriflavin resistance protein,IPR027463:Multidrug efflux transporter AcrB TolC docking domain, DN/DC subdomains,			KW-0536~Nodulation,		KW-0732~Signal,				REGION:Disordered,			
SMc01142	nucleotide exchange factor GrpE(grpE)	Sinorhizobium meliloti 2011	GO:0006457~protein folding,	GO:0005737~cytoplasm,	GO:0000774~adenyl-nucleotide exchange factor activity,GO:0042803~protein homodimerization activity,GO:0051087~chaperone binding,	IPR000740:GrpE nucleotide exchange factor,IPR009012:GrpE nucleotide exchange factor, head,IPR013805:GrpE nucleotide exchange factor, coiled-coil,			KW-0346~Stress response,	KW-0963~Cytoplasm,	KW-0175~Coiled coil,		KW-0143~Chaperone,		REGION:Disordered,			
SM_b21494	ornithine cyclodeaminase(SM2011_RS13095)	Sinorhizobium meliloti 2011			GO:0008473~ornithine cyclodeaminase activity,	IPR003462:Ornithine cyclodeaminase/mu-crystallin,IPR023401:Ornithine cyclodeaminase, N-terminal,							KW-0456~Lyase,					
SM_b21177	phosphonate ABC transporter ATP-binding protein(phnC)	Sinorhizobium meliloti 2011		GO:0005886~plasma membrane,	GO:0005524~ATP binding,GO:0015416~ATPase-coupled organic phosphonate transmembrane transporter activity,	IPR003439:ABC transporter-like,IPR003593:AAA+ ATPase domain,IPR012693:ABC transporter, phosphonate import, PhnC,IPR017871:ABC transporter, conserved site,IPR027417:P-loop containing nucleoside triphosphate hydrolase,		SM00382:AAA,	KW-0813~Transport,KW-0918~Phosphonate transport,	KW-0472~Membrane,KW-0997~Cell inner membrane,KW-1003~Cell membrane,		KW-0067~ATP-binding,KW-0547~Nucleotide-binding,	KW-1278~Translocase,		DOMAIN:ABC transporter,NP_BIND:ATP,			
SM_b21175	phosphonate ABC transporter permease(C770_RS29400)	Sinorhizobium meliloti GR4		GO:0005887~integral component of plasma membrane,	GO:0015416~ATPase-coupled organic phosphonate transmembrane transporter activity,	IPR000515:Binding-protein-dependent transport systems inner membrane component,IPR005769:Phosphonate uptake transporter,			KW-0813~Transport,	KW-0472~Membrane,					DOMAIN:ABC transmembrane type-1,TRANSMEM:Helical,			
SM_b21175	phosphonate ABC transporter, permease protein PhnE(phnE)	Sinorhizobium meliloti 2011		GO:0005887~integral component of plasma membrane,	GO:0015416~ATPase-coupled organic phosphonate transmembrane transporter activity,	IPR000515:Binding-protein-dependent transport systems inner membrane component,IPR005769:Phosphonate uptake transporter,			KW-0813~Transport,	KW-0472~Membrane,					DOMAIN:ABC transmembrane type-1,TRANSMEM:Helical,			
SMc00640	phosphoserine transaminase(SM2011_RS28290)	Sinorhizobium meliloti 2011	GO:0006564~L-serine biosynthetic process,GO:0008615~pyridoxine biosynthetic process,		GO:0004648~O-phospho-L-serine:2-oxoglutarate aminotransferase activity,	IPR000192:Aminotransferase, class V/Cysteine desulfurase,IPR006271:Phosphoserine aminotransferase, Methanosarcina-type,IPR015421:Pyridoxal phosphate-dependent transferase, major region, subdomain 1,IPR015422:Pyridoxal phosphate-dependent transferase, major region, subdomain 2,IPR015424:Pyridoxal phosphate-dependent transferase,IPR022278:Phosphoserine aminotransferase,	PIRSF000525:phosphoserine aminotransferase,		KW-0028~Amino-acid biosynthesis,KW-0664~Pyridoxine biosynthesis,KW-0718~Serine biosynthesis,			KW-0663~Pyridoxal phosphate,	KW-0032~Aminotransferase,KW-0808~Transferase,		DOMAIN:Aminotran_5,REGION:Disordered,			
SMc04458	preprotein translocase subunit SecA(secA)	Sinorhizobium meliloti 2011	GO:0006605~protein targeting,GO:0017038~protein import,GO:0065002~intracellular protein transmembrane transport,	GO:0005737~cytoplasm,GO:0005886~plasma membrane,	GO:0005524~ATP binding,GO:0046872~metal ion binding,	IPR000185:Protein translocase subunit SecA,IPR004027:SEC-C motif,IPR011115:SecA DEAD-like, N-terminal,IPR011116:SecA Wing/Scaffold,IPR011130:SecA preprotein, cross-linking domain,IPR014018:SecA motor DEAD,IPR020937:SecA conserved site,IPR027417:P-loop containing nucleoside triphosphate hydrolase,		SM00957:SM00957,SM00958:SM00958,	KW-0653~Protein transport,KW-0811~Translocation,KW-0813~Transport,	KW-0472~Membrane,KW-0963~Cytoplasm,KW-0997~Cell inner membrane,KW-1003~Cell membrane,	KW-0175~Coiled coil,	KW-0067~ATP-binding,KW-0479~Metal-binding,KW-0547~Nucleotide-binding,KW-0862~Zinc,	KW-1278~Translocase,		BINDING:ATP,DOMAIN:Helicase ATP-binding,DOMAIN:SECA_MOTOR_DEAD,METAL:Zinc,NP_BIND:ATP,			
SMc03009	protein-glutamate O-methylesterase CheR(cheR)	Sinorhizobium meliloti 2011			GO:0008983~protein-glutamate O-methyltransferase activity,	IPR000780:MCP methyltransferase, CheR-type,IPR022641:MCP methyltransferase, CheR-type, all-alpha domain, N-terminal,IPR022642:MCP methyltransferase, CheR-type, SAM-binding domain, C-terminal,IPR026024:Chemotaxis protein methyltransferase CheR,	PIRSF000410:chemotaxis protein methyltransferase 3,	SM00138:MeTrc,					KW-0808~Transferase,		BINDING:S-adenosyl-L-methionine,DOMAIN:CheR-type methyltransferase,REGION:S-adenosyl-L-methionine binding,			
SM_b20020	pyruvate dehydrogenase E1 subunit beta(SM2011_RS06695)	Sinorhizobium meliloti 2011			GO:0004591~oxoglutarate dehydrogenase (succinyl-transferring) activity,	IPR001017:Dehydrogenase, E1 component,IPR005475:Transketolase-like, pyrimidine-binding domain,IPR009014:Transketolase, C-terminal/Pyruvate-ferredoxin oxidoreductase, domain II,		SM00861:SM00861,			KW-0175~Coiled coil,	KW-0670~Pyruvate,	KW-0560~Oxidoreductase,		DOMAIN:Transket_pyr,			
SMc03046	response regulator transcription factor(SM2011_RS17755)	Sinorhizobium meliloti 2011	GO:0000160~phosphorelay signal transduction system,GO:0006355~regulation of transcription, DNA-templated,		GO:0003677~DNA binding,	IPR001789:Signal transduction response regulator, receiver domain,IPR001867:Signal transduction response regulator, C-terminal,IPR011006:CheY-like superfamily,IPR016032:Signal transduction response regulator, C-terminal effector,		SM00862:SM00862,							DNA_BIND:OmpR/PhoB-type,DOMAIN:OmpR/PhoB-type,DOMAIN:Response regulatory,			
SMc03011	response regulator(SM2011_RS17580)	Sinorhizobium meliloti 2011	GO:0000160~phosphorelay signal transduction system,		GO:0003677~DNA binding,	IPR001789:Signal transduction response regulator, receiver domain,IPR011006:CheY-like superfamily,		SM00448:REC,					KW-0238~DNA-binding,	KW-0597~Phosphoprotein,	DOMAIN:Response regulatory,			
SMa2406	rhizobactin siderophore biosynthesis protein RhbD(rhbD)	Sinorhizobium meliloti 2011	GO:0019289~rhizobactin 1021 biosynthetic process,GO:0019290~siderophore biosynthetic process,		GO:0016746~transferase activity, transferring acyl groups,	IPR016181:Acyl-CoA N-acyltransferase,IPR019432:Siderophore biosynthesis protein, conserved domain,		SM01006:SM01006,							DOMAIN:AlcB,			
SMa2410	rhizobactin siderophore biosynthesis protein RhbF(rhbF)	Sinorhizobium meliloti 2011	GO:0019289~rhizobactin 1021 biosynthetic process,			IPR007310:Aerobactin siderophore biosynthesis, IucA/IucC, N-terminal,IPR022770:FhuF/siderophore biosynthesis protein, C-terminal,												
SMc02911	ribosome maturation factor RimP(rimP)	Sinorhizobium meliloti 2011	GO:0042274~ribosomal small subunit biogenesis,	GO:0005737~cytoplasm,		IPR003728:Ribosome maturation factor RimP,			KW-0690~Ribosome biogenesis,	KW-0963~Cytoplasm,					DOMAIN:DUF150,DOMAIN:DUF150_C,			
SMc02503	saccharopine dehydrogenase family protein(SM2011_RS29830)	Sinorhizobium meliloti 2011			GO:0016491~oxidoreductase activity,	IPR005097:Saccharopine dehydrogenase / Homospermidine synthase,									DOMAIN:Sacchrp_dh_C,DOMAIN:Sacchrp_dh_NADP,			
SMc00991	spermidine/putrescine ABC transporter substrate-binding protein(SM2011_RS18695)	Sinorhizobium meliloti 2011	GO:0015846~polyamine transport,	GO:0042597~periplasmic space,	GO:0019808~polyamine binding,	IPR001188:Bacterial periplasmic spermidine/putrescine-binding protein,IPR006059:Bacterial extracellular solute-binding, family 1,			KW-0813~Transport,	KW-0574~Periplasm,	KW-0732~Signal,							
SMc02171	sugar ABC transporter substrate-binding protein(SM2011_RS16730)	Sinorhizobium meliloti 2011				IPR025997:Periplasmic binding protein domain,					KW-0732~Signal,				DOMAIN:Peripla_BP_4,			
SMa0855	sulfate adenylyltransferase subunit CysD(cysD)	Sinorhizobium meliloti 2011	GO:0000103~sulfate assimilation,GO:0019419~sulfate reduction,GO:0070814~hydrogen sulfide biosynthetic process,		GO:0004781~sulfate adenylyltransferase (ATP) activity,GO:0005524~ATP binding,	IPR002500:Phosphoadenosine phosphosulphate reductase,IPR011784:Sulphate adenylyltransferase, small subunit,IPR014729:Rossmann-like alpha/beta/alpha sandwich fold,	PIRSF002936:sulfate adenylyltransferase, subunit 2,		KW-0536~Nodulation,			KW-0067~ATP-binding,KW-0547~Nucleotide-binding,	KW-0548~Nucleotidyltransferase,KW-0808~Transferase,		DOMAIN:PAPS_reduct,			
SMc02882	sulfate transporter family protein(SM2011_RS15375)	Sinorhizobium meliloti 2011		GO:0016021~integral component of membrane,						KW-0472~Membrane,	KW-0812~Transmembrane,KW-1133~Transmembrane helix,				TRANSMEM:Helical,			
SMc00321	tRNA pseudouridine(55) synthase TruB(truB)	Sinorhizobium meliloti 2011	GO:0031119~tRNA pseudouridine synthesis,		GO:0003723~RNA binding,	IPR002501:Pseudouridine synthase II,IPR014780:tRNA pseudouridine synthase II, TruB,IPR015240:tRNA pseudouridine synthase II, TruB, subfamily 1, C-terminal,IPR015947:PUA-like domain,IPR020103:Pseudouridine synthase, catalytic domain,			KW-0819~tRNA processing,				KW-0413~Isomerase,		ACT_SITE:Nucleophile,DOMAIN:TruB-C_2,DOMAIN:TruB_C_2,DOMAIN:TruB_N,			
SMc01778	transcription antitermination factor NusB(nusB)	Sinorhizobium meliloti 2011	GO:0006353~DNA-templated transcription, termination,GO:0006355~regulation of transcription, DNA-templated,GO:0031564~transcription antitermination,		GO:0003723~RNA binding,	IPR006027:NusB/RsmB/TIM44,IPR011605:NusB antitermination factor,			KW-0804~Transcription,KW-0805~Transcription regulation,KW-0889~Transcription antitermination,				KW-0694~RNA-binding,		DOMAIN:NusB,			
SMc04301	transporter substrate-binding domain-containing protein(SM2011_RS24325)	Sinorhizobium meliloti 2011			GO:0033218~amide binding,													
SMc03136	type II toxin-antitoxin system Phd/YefM family antitoxin(SM2011_RS29415)	Sinorhizobium meliloti 2011				IPR006442:Type II toxin-antitoxin system, antitoxin Phd/YefM,												
