Annotation Cluster 1	Enrichment Score: 17.709551931361133											
Category	Term	Count	%	PValue	Genes	List Total	Pop Hits	Pop Total	Fold Enrichment	Bonferroni	Benjamini	FDR
GOTERM_MF_DIRECT	GO:0003735~structural constituent of ribosome	36	5.29411764705882	2.24E-24	SMC01308, SMC01307, SMC01804, SMC01309, SMC01290, SMC01283, SMC02692, SMC03881, SMC01300, SMC01321, SMC01302, SMC01301, SMC01304, SMC01303, SMC00335, SMC01306, SMC01305, SMC01319, SMC01318, SMC03859, SMC01292, SMC01291, SMC01294, SMC01293, SMC01296, SMC01295, SMC02101, SMC01298, SMC01297, SMC00485, SMC01299, SMC01310, SMC00565, SMC01313, SMC00567, SMC00568	324	53	3453	7.23899371069182	4.91E-22	4.91E-22	4.84E-22
UP_KW_MOLECULAR_FUNCTION	KW-0687~Ribonucleoprotein	36	5.29411764705882	2.25E-22	SMC01308, SMC01307, SMC01804, SMC01309, SMC01290, SMC01283, SMC02692, SMC03881, SMC01300, SMC01321, SMC01302, SMC01301, SMC01304, SMC01303, SMC00335, SMC01306, SMC01305, SMC01319, SMC01318, SMC03859, SMC01292, SMC01291, SMC01294, SMC01293, SMC01296, SMC01295, SMC02101, SMC01298, SMC01297, SMC00485, SMC01299, SMC01310, SMC00565, SMC01313, SMC00567, SMC00568	244	56	2419	6.37324355971897	8.77E-21	4.38E-21	3.93E-21
UP_KW_MOLECULAR_FUNCTION	KW-0689~Ribosomal protein	36	5.29411764705882	2.25E-22	SMC01308, SMC01307, SMC01804, SMC01309, SMC01290, SMC01283, SMC02692, SMC03881, SMC01300, SMC01321, SMC01302, SMC01301, SMC01304, SMC01303, SMC00335, SMC01306, SMC01305, SMC01319, SMC01318, SMC03859, SMC01292, SMC01291, SMC01294, SMC01293, SMC01296, SMC01295, SMC02101, SMC01298, SMC01297, SMC00485, SMC01299, SMC01310, SMC00565, SMC01313, SMC00567, SMC00568	244	56	2419	6.37324355971897	8.77E-21	4.38E-21	3.93E-21
GOTERM_BP_DIRECT	GO:0006412~translation	36	5.29411764705882	2.32E-18	SMC01308, SMC01307, SMC01804, SMC01309, SMC01290, SMC01283, SMC02692, SMC03881, SMC01300, SMC01321, SMC01302, SMC01301, SMC01304, SMC01303, SMC00335, SMC01306, SMC01305, SMC01319, SMC01318, SMC03859, SMC01292, SMC01291, SMC01294, SMC01293, SMC01296, SMC01295, SMC02101, SMC01298, SMC01297, SMC00485, SMC01299, SMC01310, SMC00565, SMC01313, SMC00567, SMC00568	239	61	2016	4.97811921256602	3.37E-16	3.35E-16	3.23E-16
UP_KW_MOLECULAR_FUNCTION	KW-0699~rRNA-binding	27	3.97058823529412	2.78E-18	SMC01308, SMC01307, SMC01309, SMC01290, SMC02692, SMC03242, SMC01300, SMC01321, SMC01302, SMC01304, SMC01303, SMC01306, SMC01305, SMC01319, SMC01292, SMC01294, SMC01293, SMC01296, SMC01295, SMC01298, SMC01297, SMC00485, SMC01299, SMC00565, SMC01313, SMC00567, SMC00568	244	38	2419	7.04411130284728	1.08E-16	3.61E-17	3.24E-17
GOTERM_MF_DIRECT	GO:0019843~rRNA binding	24	3.52941176470588	7.29E-16	SMC01308, SMC01307, SMC01309, SMC01290, SMC01292, SMC01294, SMC01293, SMC01296, SMC01295, SMC03242, SMC01298, SMC01297, SMC01300, SMC01299, SMC00485, SMC01302, SMC00565, SMC01313, SMC01304, SMC00567, SMC01303, SMC01306, SMC01305, SMC00568	324	36	3453	7.10493827160494	1.70E-13	7.98E-14	7.87E-14
UP_KW_MOLECULAR_FUNCTION	KW-0694~RNA-binding	31	4.55882352941176	9.33E-16	SMC01308, SMC01307, SMC01309, SMC01290, SMC02692, SMC03242, SMC01300, SMC01321, SMC01302, SMC01304, SMC01303, SMC00335, SMC01306, SMC01305, SMC01319, SMC01292, SMC03051, SMC01294, SMC01293, SMC01296, SMC01295, SMC01298, SMC01297, SMC00485, SMC01299, SMC00565, SMC01313, SMC00567, SMC00324, SMC00568, SMC01778	244	59	2419	5.20901639344262	3.46E-14	9.10E-15	8.17E-15
GOTERM_CC_DIRECT	GO:0005840~ribosome	24	3.52941176470588	4.24E-10	SMC01308, SMC01307, SMC01318, SMC03859, SMC01804, SMC01309, SMC01283, SMC01294, SMC01293, SMC01296, SMC01295, SMC02692, SMC01298, SMC01297, SMC01300, SMC01310, SMC01321, SMC01302, SMC00565, SMC01301, SMC00567, SMC01303, SMC00335, SMC00568	263	44	1971	4.08779813342551	1.27E-08	1.27E-08	1.10E-08
												
Annotation Cluster 2	Enrichment Score: 15.98593836835792											
Category	Term	Count	%	PValue	Genes	List Total	Pop Hits	Pop Total	Fold Enrichment	Bonferroni	Benjamini	FDR
UP_KW_CELLULAR_COMPONENT	KW-0966~Cell projection	29	4.26470588235294	1.49E-18	SMC03071, SMC03050, SMC03020, SMC03042, SMC03021, SMC03040, SMC03024, SMC03047, SMC03025, SMC03022, SMC03028, SMC03029, SMC03048, SMC03026, SMC03049, SMC03027, SMC03054, SMC03032, SMC03051, SMC03052, SMC03030, SMC03035, SMC03014, SMC03033, SMC03034, SMC03039, SMC03037, SMC03038, SMC03019	222	38	1771	6.08807491702229	1.79E-17	5.97E-18	3.98E-18
UP_KW_CELLULAR_COMPONENT	KW-0969~Cilium	29	4.26470588235294	1.49E-18	SMC03071, SMC03050, SMC03020, SMC03042, SMC03021, SMC03040, SMC03024, SMC03047, SMC03025, SMC03022, SMC03028, SMC03029, SMC03048, SMC03026, SMC03049, SMC03027, SMC03054, SMC03032, SMC03051, SMC03052, SMC03030, SMC03035, SMC03014, SMC03033, SMC03034, SMC03039, SMC03037, SMC03038, SMC03019	222	38	1771	6.08807491702229	1.79E-17	5.97E-18	3.98E-18
UP_KW_CELLULAR_COMPONENT	KW-0282~Flagellum	29	4.26470588235294	1.49E-18	SMC03071, SMC03050, SMC03020, SMC03042, SMC03021, SMC03040, SMC03024, SMC03047, SMC03025, SMC03022, SMC03028, SMC03029, SMC03048, SMC03026, SMC03049, SMC03027, SMC03054, SMC03032, SMC03051, SMC03052, SMC03030, SMC03035, SMC03014, SMC03033, SMC03034, SMC03039, SMC03037, SMC03038, SMC03019	222	38	1771	6.08807491702229	1.79E-17	5.97E-18	3.98E-18
GOTERM_BP_DIRECT	GO:0071973~bacterial-type flagellum-dependent cell motility	17	2.5	1.37E-14	SMC03020, SMC03032, SMC03040, SMC03030, SMC03024, SMC03035, SMC03047, SMC03014, SMC03034, SMC03028, SMC03039, SMC03029, SMC03037, SMC03027, SMC03049, SMC03038, SMC03019	239	17	2016	8.43514644351465	2.00E-12	9.90E-13	9.56E-13
UP_KW_CELLULAR_COMPONENT	KW-0975~Bacterial flagellum	17	2.5	2.57E-13	SMC03020, SMC03021, SMC03032, SMC03040, SMC03030, SMC03024, SMC03047, SMC03014, SMC03034, SMC03028, SMC03039, SMC03029, SMC03048, SMC03037, SMC03049, SMC03038, SMC03019	222	18	1771	7.53428428428428	3.09E-12	7.72E-13	5.14E-13
												
Annotation Cluster 3	Enrichment Score: 6.029672554303367											
Category	Term	Count	%	PValue	Genes	List Total	Pop Hits	Pop Total	Fold Enrichment	Bonferroni	Benjamini	FDR
UP_KW_BIOLOGICAL_PROCESS	KW-0145~Chemotaxis	11	1.61764705882353	6.10E-08	SMC03020, SMC03021, SMC03043, SMC03010, SMC03035, SMC03022, SMC03012, SMC03007, SMC03004, SMC03008, SMC03019	154	13	1339	7.35714285714286	3.30E-06	3.30E-06	2.93E-06
GOTERM_BP_DIRECT	GO:0006935~chemotaxis	13	1.91176470588235	1.33E-07	SMC03090, SMC03020, SMC03021, SMC03043, SMC03010, SMC03035, SMC03022, SMC03012, SMC03007, SMC01104, SMC03004, SMC03019, SMC03008	239	19	2016	5.77141598766792	1.93E-05	6.40E-06	6.18E-06
UP_KW_BIOLOGICAL_PROCESS	KW-0283~Flagellar rotation	6	0.882352941176471	1.00E-04	SMC03020, SMC03021, SMC03043, SMC03035, SMC03022, SMC03019	154	6	1339	8.6948051948052	0.005387615830768	0.001080382232604	9.60E-04
												
Annotation Cluster 4	Enrichment Score: 3.666445708354615											
Category	Term	Count	%	PValue	Genes	List Total	Pop Hits	Pop Total	Fold Enrichment	Bonferroni	Benjamini	FDR
GOTERM_MF_DIRECT	GO:0005198~structural molecule activity	8	1.17647058823529	4.35E-07	SMC03032, SMC03040, SMC03039, SMC03029, SMC03037, SMC03048, SMC03038, SMC03049	324	8	3453	10.6574074074074	9.52E-05	3.17E-05	3.13E-05
GOTERM_CC_DIRECT	GO:0009288~bacterial-type flagellum	6	0.882352941176471	2.15E-04	SMC03040, SMC03025, SMC03039, SMC03037, SMC03038, SMC03049	263	6	1971	7.49429657794677	0.006418557960448	0.002146184819504	0.00186002684357
UP_SEQ_FEATURE	DOMAIN:Flagellin_D0/D1	5	0.735294117647059	3.19E-04	SMC03040, SMC03039, SMC03037, SMC03038, SMC03049	398	5	4346	10.9195979899498	0.125794535732611	0.044806144492354	0.044381441700957
INTERPRO	IPR001029:Flagellin, D0/D1 domain	5	0.735294117647059	3.64E-04	SMC03040, SMC03039, SMC03037, SMC03038, SMC03049	463	5	4890	10.561555075594	0.277412156008605	0.108285704617116	0.108042911557436
UP_KW_CELLULAR_COMPONENT	KW-0964~Secreted	8	1.17647058823529	3.80E-04	SMC03040, SMC03039, SMC03037, SMC03048, SMC03038, SMC03049, SM_B20955, SMA1587	222	13	1771	4.90921690921691	0.004551862148984	9.12E-04	6.08E-04
GOTERM_CC_DIRECT	GO:0005576~extracellular region	8	1.17647058823529	0.001686644280812	SMC03040, SMC03039, SMC03037, SMC03048, SMC03038, SMC03049, SM_B20955, SMA1587	263	15	1971	3.99695817490494	0.049381114430417	0.00843322140406	0.007308791883519
INTERPRO	IPR001492:Flagellin	4	0.588235294117647	0.003117289440087	SMC03040, SMC03039, SMC03037, SMC03038	463	4	4890	10.561555075594	0.938268763416215	0.347577772569655	0.346798450209633
												
Annotation Cluster 5	Enrichment Score: 2.7018130133738243											
Category	Term	Count	%	PValue	Genes	List Total	Pop Hits	Pop Total	Fold Enrichment	Bonferroni	Benjamini	FDR
INTERPRO	IPR006015:Universal stress protein A	5	0.735294117647059	0.001010900352768	SMA1100, SMA1231, SMA1149, SMA1158, SMA1147	463	6	4890	8.80129589632829	0.594315371439319	0.180344622933768	0.179940262792661
UP_SEQ_FEATURE	DOMAIN:Usp	5	0.735294117647059	0.001919866093559	SMA1100, SMA1231, SMA1149, SMA1158, SMA1147	398	7	4346	7.79971284996411	0.55556977489385	0.162036698296347	0.1605008054215
INTERPRO	IPR006016:UspA	5	0.735294117647059	0.004041863783654	SMA1100, SMA1231, SMA1149, SMA1158, SMA1147	463	8	4890	6.60097192224622	0.973019700823681	0.400593610557721	0.399695418605798
												
Annotation Cluster 6	Enrichment Score: 2.627224296103018											
Category	Term	Count	%	PValue	Genes	List Total	Pop Hits	Pop Total	Fold Enrichment	Bonferroni	Benjamini	FDR
UP_SEQ_FEATURE	DOMAIN:Flg_bbr_C	5	0.735294117647059	3.19E-04	SMC03030, SMC03024, SMC03047, SMC03028, SMC03048	398	5	4346	10.9195979899498	0.125794535732611	0.044806144492354	0.044381441700957
UP_SEQ_FEATURE	DOMAIN:Flg_bb_rod	5	0.735294117647059	3.19E-04	SMC03030, SMC03024, SMC03047, SMC03028, SMC03027	398	5	4346	10.9195979899498	0.125794535732611	0.044806144492354	0.044381441700957
INTERPRO	IPR001444:Flagellar basal body rod protein, N-terminal	5	0.735294117647059	3.64E-04	SMC03030, SMC03024, SMC03047, SMC03028, SMC03027	463	5	4890	10.561555075594	0.277412156008605	0.108285704617116	0.108042911557436
INTERPRO	IPR010930:Flagellar basal-body/hook protein, C-terminal domain	5	0.735294117647059	3.64E-04	SMC03030, SMC03024, SMC03047, SMC03028, SMC03048	463	5	4890	10.561555075594	0.277412156008605	0.108285704617116	0.108042911557436
INTERPRO	IPR019776:Flagellar basal body rod protein, conserved site	3	0.441176470588235	0.025049320749822	SMC03030, SMC03047, SMC03028	463	3	4890	10.561555075594	0.999999999851228	1	0.998877665544332
INTERPRO	IPR020013:Fagellar hook-basal body protein, FlgE/F/G	3	0.441176470588235	0.025049320749822	SMC03030, SMC03024, SMC03047	463	3	4890	10.561555075594	0.999999999851228	1	0.998877665544332
GOTERM_CC_DIRECT	GO:0030694~bacterial-type flagellum basal body, rod	3	0.441176470588235	0.048182597359243	SMC03024, SMC03028, SMC03027	263	3	1971	7.49429657794677	0.772694873864631	0.206496845825328	0.178963933048617
												
Annotation Cluster 7	Enrichment Score: 2.5206250849753973											
Category	Term	Count	%	PValue	Genes	List Total	Pop Hits	Pop Total	Fold Enrichment	Bonferroni	Benjamini	FDR
UP_SEQ_FEATURE	DOMAIN:SHSP	4	0.588235294117647	0.002822087586088	SM_B21294, SMA1118, SMC01106, SMC04040	398	4	4346	10.9195979899497	0.696570070895368	0.174319179205798	0.172666864710956
INTERPRO	IPR002068:Alpha crystallin/Hsp20 domain	4	0.588235294117647	0.003117289440087	SM_B21294, SMA1118, SMC01106, SMC04040	463	4	4890	10.561555075594	0.938268763416215	0.347577772569655	0.346798450209633
INTERPRO	IPR008978:HSP20-like chaperone	4	0.588235294117647	0.003117289440087	SM_B21294, SMA1118, SMC01106, SMC04040	463	4	4890	10.561555075594	0.938268763416215	0.347577772569655	0.346798450209633
												
Annotation Cluster 8	Enrichment Score: 2.0707594137548746											
Category	Term	Count	%	PValue	Genes	List Total	Pop Hits	Pop Total	Fold Enrichment	Bonferroni	Benjamini	FDR
UP_KW_BIOLOGICAL_PROCESS	KW-0270~Exopolysaccharide synthesis	12	1.76470588235294	5.15E-05	SM_B20958, SM_B20957, SM_B20946, SM_B20959, SM_B20948, SM_B20961, SM_B20960, SM_B20954, SM_B20956, SM_B20955, SMA1587, SM_B20944	154	26	1339	4.01298701298701	0.002776341268416	9.27E-04	8.24E-04
INTERPRO	IPR001173:Glycosyl transferase, family 2	8	1.17647058823529	8.10E-04	SM_B20958, SM_B20957, SM_B20748, SM_B20959, SM_B20948, SM_B21189, SMA0866, SM_B21190	463	18	4890	4.69402447804176	0.514684876045477	0.180344622933768	0.179940262792661
GOTERM_BP_DIRECT	GO:0000271~polysaccharide biosynthetic process	11	1.61764705882353	0.002023893681825	SM_B20958, SM_B20957, SM_B20946, SM_B20959, SM_B20948, SM_B20960, SM_B20954, SM_B20956, SM_B20955, SMA1587, SM_B20944	239	31	2016	2.99311647995681	0.254546078636359	0.048232421624265	0.046557684762311
UP_SEQ_FEATURE	DOMAIN:Glyco_trans_2-like	7	1.02941176470588	0.002891550365973	SM_B20958, SM_B20957, SM_B20748, SM_B20959, SM_B21189, SMA0866, SM_B21190	398	17	4346	4.49630505468519	0.70536024755902	0.174319179205798	0.172666864710956
GOTERM_MF_DIRECT	GO:0016740~transferase activity	13	1.91176470588235	0.201339757139667	SM_B20099, SM_B21189, SM_B20956, SM_B20958, SM_B20957, SM_B20946, SM_B20748, SMA0592, SMA1188, SM_B20959, SMC00097, SM_B21190, SMC01306	324	98	3453	1.41373771730915	1	1	0.990825688073394
GOTERM_MF_DIRECT	GO:0016757~transferase activity, transferring glycosyl groups	6	0.882352941176471	0.207619608034576	SM_B20958, SM_B20957, SM_B20959, SM_B20948, SMA0866, SM_B20956	324	34	3453	1.88071895424837	1	1	0.990825688073394
UP_KW_MOLECULAR_FUNCTION	KW-0328~Glycosyltransferase	7	1.02941176470588	0.313274260738297	SM_B20958, SM_B20957, SM_B20959, SM_B20948, SM_B21297, SMA0866, SM_B20956	244	46	2419	1.50864219529579	0.999999568928117	1	0.913716593820033
												
Annotation Cluster 9	Enrichment Score: 1.932035897342586											
Category	Term	Count	%	PValue	Genes	List Total	Pop Hits	Pop Total	Fold Enrichment	Bonferroni	Benjamini	FDR
GOTERM_MF_DIRECT	GO:0004129~cytochrome-c oxidase activity	10	1.47058823529412	1.12E-05	SMA1273, SMA1220, SMA1182, SM_B21487, SM_B21489, SMC01982, SMA0765, SM_B21488, SMC01984, SMC01985	324	18	3453	5.92078189300411	0.002442125118662	6.11E-04	6.03E-04
UP_KW_BIOLOGICAL_PROCESS	KW-0249~Electron transport	11	1.61764705882353	0.003255568658104	SMA1273, SMA1232, SMA1220, SM_B21487, SM_B21489, SMC01982, SMA0765, SM_B21488, SMA1211, SMA1236, SMA1213	154	34	1339	2.81302521008403	0.161455388989888	0.025114386791089	0.022323899369857
UP_KW_BIOLOGICAL_PROCESS	KW-0679~Respiratory chain	6	0.882352941176471	0.007415899880329	SMA1273, SMA1220, SM_B21487, SMA0765, SM_B21488, SMA1213	154	12	1339	4.3474025974026	0.330986377232507	0.050057324192223	0.044495399281976
UP_KW_LIGAND	KW-0349~Heme	12	1.76470588235294	0.016341656206561	SMA1273, SMA1232, SMA1276, SMA1220, SMC02255, SMA1216, SMA0765, SM_B21488, SMA0766, SMA1233, SM_B21292, SMA1213	110	50	985	2.14909090909091	0.348444696210291	0.212441530685294	0.212441530685294
GOTERM_MF_DIRECT	GO:0020037~heme binding	11	1.61764705882353	0.017608655660077	SMA1273, SMA1232, SMA1276, SMA1220, SMA1216, SMA0765, SM_B21488, SMA0766, SMC03004, SM_B21292, SMA1213	324	51	3453	2.29865649963689	0.979567971527715	0.428477287728549	0.422607735841857
INTERPRO	IPR023615:Cytochrome c oxidase, subunit I, copper-binding site	4	0.588235294117647	0.03270758374199	SMA1273, SMA1220, SMA0765, SM_B21488	463	8	4890	5.28077753779698	0.999999999999869	1	0.998877665544332
INTERPRO	IPR023616:Cytochrome c oxidase, subunit I domain	4	0.588235294117647	0.03270758374199	SMA1273, SMA1220, SMA0765, SM_B21488	463	8	4890	5.28077753779698	0.999999999999869	1	0.998877665544332
INTERPRO	IPR000883:Cytochrome c oxidase, subunit I	4	0.588235294117647	0.03270758374199	SMA1273, SMA1220, SMA0765, SM_B21488	463	8	4890	5.28077753779698	0.999999999999869	1	0.998877665544332
UP_SEQ_FEATURE	DOMAIN:COX1	3	0.441176470588235	0.128550101183936	SMA1273, SMA0765, SM_B21488	398	7	4346	4.67982770997846	1	1	0.992874109263658
GOTERM_CC_DIRECT	GO:0070469~respiratory chain	4	0.588235294117647	0.137074925362425	SMA1273, SM_B21487, SM_B21488, SMA1213	263	10	1971	2.99771863117871	0.987999684521781	0.514030970109093	0.44549350742788
												
Annotation Cluster 10	Enrichment Score: 1.883824105357822											
Category	Term	Count	%	PValue	Genes	List Total	Pop Hits	Pop Total	Fold Enrichment	Bonferroni	Benjamini	FDR
GOTERM_BP_DIRECT	GO:0007165~signal transduction	8	1.17647058823529	0.00200433990556	SMC00992, SMC03090, SMC03004, SMC01104, SMC00765, SMC01469, SMC03008, SMC00975	239	17	2016	3.96948067930101	0.252425218080499	0.048232421624265	0.046557684762311
UP_KW_MOLECULAR_FUNCTION	KW-0807~Transducer	5	0.735294117647059	0.005020347612587	SMC03004, SMC01104, SMC00765, SMC01469, SMC00975	244	8	2419	6.19620901639344	0.17822338920813	0.026638871535854	0.023906679583459
SMART	SM00283:MA	5	0.735294117647059	0.005106983836019	SMC03004, SMC01104, SMC00765, SMC01469, SMC00975	96	9	1075	6.22106481481482	0.304778585668174	0.362595852357362	0.362595852357362
UP_SEQ_FEATURE	DOMAIN:Methyl-accepting transducer	5	0.735294117647059	0.005957040081035	SMC03004, SMC01104, SMC00765, SMC01469, SMC00975	398	9	4346	6.06644332774986	0.91965202574261	0.314233864274581	0.311255344234064
INTERPRO	IPR004089:Methyl-accepting chemotaxis protein (MCP) signalling domain	5	0.735294117647059	0.006736981657643	SMC03004, SMC01104, SMC00765, SMC01469, SMC00975	463	9	4890	5.8675305975522	0.99759383619892	0.60093876386174	0.599591367530211
UP_SEQ_FEATURE	DOMAIN:HAMP	6	0.882352941176471	0.044428370487605	SMC00992, SMC03004, SMC01104, SMC00765, SMC01469, SMC00975	398	22	4346	2.9780721790772	0.999999995310891	1	0.992874109263658
INTERPRO	IPR003660:HAMP linker domain	6	0.882352941176471	0.050312610978227	SMC00992, SMC03004, SMC01104, SMC00765, SMC01469, SMC00975	463	22	4890	2.88042411152562	1	1	0.998877665544332
SMART	SM00304:HAMP	4	0.588235294117647	0.184375997974997	SMC01104, SMC00765, SMC01469, SMC00975	96	17	1075	2.63480392156863	0.999999480255585	1	1
												
Annotation Cluster 11	Enrichment Score: 1.511724247763828											
Category	Term	Count	%	PValue	Genes	List Total	Pop Hits	Pop Total	Fold Enrichment	Bonferroni	Benjamini	FDR
UP_KW_LIGAND	KW-0408~Iron	28	4.11764705882353	0.005743155787496	SM_B21488, SMC00092, SMA1273, SMA1276, SMA1232, SMA1292, SMA1291, SMC02255, SMA1216, SMA0765, SMA0766, SMA1211, SMA1233, SMA1236, SMA1213, SMC01815, SMA0814, SMA1240, SMC02042, SMA1220, SMC03211, SMC04444, SMC03253, SMA2414, SMA1266, SMC02601, SM_B21292	110	154	985	1.62809917355372	0.139078962702938	0.149322050474908	0.149322050474908
GOTERM_MF_DIRECT	GO:0009055~electron carrier activity	10	1.47058823529412	0.011602193958576	SMA1276, SMA1243, SMC02255, SMC01022, SMA1216, SMA0766, SMA0007, SMA1236, SM_B21292, SMA1213	324	41	3453	2.59936766034327	0.922364880433091	0.317610059616017	0.313259236881551
UP_KW_LIGAND	KW-0349~Heme	12	1.76470588235294	0.016341656206561	SMA1273, SMA1232, SMA1276, SMA1220, SMC02255, SMA1216, SMA0765, SM_B21488, SMA0766, SMA1233, SM_B21292, SMA1213	110	50	985	2.14909090909091	0.348444696210291	0.212441530685294	0.212441530685294
GOTERM_MF_DIRECT	GO:0020037~heme binding	11	1.61764705882353	0.017608655660077	SMA1273, SMA1232, SMA1276, SMA1220, SMA1216, SMA0765, SM_B21488, SMA0766, SMC03004, SM_B21292, SMA1213	324	51	3453	2.29865649963689	0.979567971527715	0.428477287728549	0.422607735841857
INTERPRO	IPR009056:Cytochrome c domain	5	0.735294117647059	0.147944082450551	SMA1276, SMA1216, SMA0766, SM_B21292, SMA1213	463	22	4890	2.40035342627135	1	1	0.998877665544332
UP_SEQ_FEATURE	DOMAIN:Cytochrome c	4	0.588235294117647	0.299808489098714	SMA1276, SMA1216, SMA0766, SM_B21292	398	21	4346	2.07992342665709	1	1	0.992874109263658
												
Annotation Cluster 12	Enrichment Score: 1.467702653853163											
Category	Term	Count	%	PValue	Genes	List Total	Pop Hits	Pop Total	Fold Enrichment	Bonferroni	Benjamini	FDR
GOTERM_BP_DIRECT	GO:0006457~protein folding	7	1.02941176470588	0.013814103152675	SMC00912, SMC02050, SMC01142, SM_B22023, SMC02136, SMA0745, SMC02857	239	18	2016	3.28033472803347	0.866947147186084	0.248653856748156	0.240020042277734
INTERPRO	IPR011032:GroES-like	8	1.17647058823529	0.036495063428138	SMA1296, SMC00912, SM_B22023, SMA0745, SMC00105, SM_B20080, SMA1156, SM_B20170	463	34	4890	2.48507178249269	0.999999999999996	1	0.998877665544332
SMART	SM00883:SM00883	3	0.441176470588235	0.041217238498864	SMC00912, SM_B22023, SMA0745	96	4	1075	8.3984375	0.949634238180633	1	1
INTERPRO	IPR018369:Chaperonin Cpn10, conserved site	3	0.441176470588235	0.046981352059069	SMC00912, SM_B22023, SMA0745	463	4	4890	7.92116630669546	1	1	0.998877665544332
INTERPRO	IPR020818:Chaperonin Cpn10	3	0.441176470588235	0.046981352059069	SMC00912, SM_B22023, SMA0745	463	4	4890	7.92116630669546	1	1	0.998877665544332
												
Annotation Cluster 13	Enrichment Score: 1.2378985677805163											
Category	Term	Count	%	PValue	Genes	List Total	Pop Hits	Pop Total	Fold Enrichment	Bonferroni	Benjamini	FDR
GOTERM_MF_DIRECT	GO:0005507~copper ion binding	6	0.882352941176471	0.021410241816672	SMA1243, SMA1198, SMA1182, SMA1250, SM_B21487, SMC01982	324	18	3453	3.55246913580247	0.991259306517411	0.448097883131416	0.441959555965232
INTERPRO	IPR008972:Cupredoxin	5	0.735294117647059	0.046293547528611	SMA1243, SMA1182, SMA1250, SM_B21487, SMC01982	463	15	4890	3.52051835853132	1	1	0.998877665544332
UP_SEQ_FEATURE	DOMAIN:COX2_CUA	3	0.441176470588235	0.069118904679568	SMA1182, SM_B21487, SMC01982	398	5	4346	6.55175879396985	0.999999999999925	1	0.992874109263658
INTERPRO	IPR002429:Cytochrome c oxidase subunit II C-terminal	3	0.441176470588235	0.073470960621796	SMA1182, SM_B21487, SMC01982	463	5	4890	6.33693304535637	1	1	0.998877665544332
UP_KW_LIGAND	KW-0186~Copper	5	0.735294117647059	0.128425883049082	SMA1220, SMA1198, SMA1182, SMA1250, SMC01982	110	18	985	2.48737373737374	0.971951319289958	1	1
												
Annotation Cluster 14	Enrichment Score: 1.203912037699284											
Category	Term	Count	%	PValue	Genes	List Total	Pop Hits	Pop Total	Fold Enrichment	Bonferroni	Benjamini	FDR
GOTERM_BP_DIRECT	GO:0019646~aerobic electron transport chain	4	0.588235294117647	0.024763855866204	SMC02255, SM_B21489, SMC01984, SMC01985	239	6	2016	5.6234309623431	0.973641580745653	0.356599524473336	0.344217596540234
UP_SEQ_FEATURE	DOMAIN:COX3	3	0.441176470588235	0.069118904679568	SM_B21489, SMC01984, SMC01985	398	5	4346	6.55175879396985	0.999999999999925	1	0.992874109263658
INTERPRO	IPR024791:Cytochrome c/ubiquinol oxidase subunit III	3	0.441176470588235	0.073470960621796	SM_B21489, SMC01984, SMC01985	463	5	4890	6.33693304535637	1	1	0.998877665544332
INTERPRO	IPR000298:Cytochrome c oxidase, subunit III	3	0.441176470588235	0.073470960621796	SM_B21489, SMC01984, SMC01985	463	5	4890	6.33693304535637	1	1	0.998877665544332
INTERPRO	IPR013833:Cytochrome c oxidase, subunit III, 4-helical bundle	3	0.441176470588235	0.103464951892308	SM_B21489, SMC01984, SMC01985	463	6	4890	5.28077753779698	1	1	0.998877665544332
												
Annotation Cluster 15	Enrichment Score: 1.1354735184741411											
Category	Term	Count	%	PValue	Genes	List Total	Pop Hits	Pop Total	Fold Enrichment	Bonferroni	Benjamini	FDR
GOTERM_MF_DIRECT	GO:0051082~unfolded protein binding	5	0.735294117647059	0.035345802401936	SMC00913, SMC02136, SM_B21566, SMA0744, SMC02857	324	14	3453	3.80621693121693	0.999622085812186	0.595440825078774	0.587284101447558
UP_SEQ_FEATURE	BINDING:ATP: via amide nitrogen 	4	0.588235294117647	0.071791546708551	SMC00913, SMC02099, SM_B21566, SMA0744	398	11	4346	3.97076290543627	0.999999999999978	1	0.992874109263658
INTERPRO	IPR027409:GroEL-like apical domain	3	0.441176470588235	0.073470960621796	SMC00913, SM_B21566, SMA0744	463	5	4890	6.33693304535637	1	1	0.998877665544332
INTERPRO	IPR027410:TCP-1-like chaperonin intermediate domain	3	0.441176470588235	0.073470960621796	SMC00913, SM_B21566, SMA0744	463	5	4890	6.33693304535637	1	1	0.998877665544332
INTERPRO	IPR001844:Chaperonin Cpn60	3	0.441176470588235	0.073470960621796	SMC00913, SM_B21566, SMA0744	463	5	4890	6.33693304535637	1	1	0.998877665544332
INTERPRO	IPR027413:GroEL-like equatorial domain	3	0.441176470588235	0.073470960621796	SMC00913, SM_B21566, SMA0744	463	5	4890	6.33693304535637	1	1	0.998877665544332
INTERPRO	IPR018370:Chaperonin Cpn60, conserved site	3	0.441176470588235	0.073470960621796	SMC00913, SM_B21566, SMA0744	463	5	4890	6.33693304535637	1	1	0.998877665544332
INTERPRO	IPR002423:Chaperonin Cpn60/TCP-1	3	0.441176470588235	0.073470960621796	SMC00913, SM_B21566, SMA0744	463	5	4890	6.33693304535637	1	1	0.998877665544332
GOTERM_BP_DIRECT	GO:0042026~protein refolding	3	0.441176470588235	0.151228229999427	SMC00913, SM_B21566, SMA0744	239	6	2016	4.21757322175732	0.999999999952719	1	0.972027972027972
												
Annotation Cluster 16	Enrichment Score: 1.0389263380371971											
Category	Term	Count	%	PValue	Genes	List Total	Pop Hits	Pop Total	Fold Enrichment	Bonferroni	Benjamini	FDR
UP_KW_MOLECULAR_FUNCTION	KW-0675~Receptor	7	1.02941176470588	0.004609160345998	SMC02726, SMC02890, SMC03012, SMA2414, SMC03004, SMC01104, SMC00975	244	17	2419	4.08220829315333	0.164874107350301	0.026638871535854	0.023906679583459
INTERPRO	IPR000531:TonB-dependent receptor, beta-barrel	3	0.441176470588235	0.073470960621796	SMC02726, SMC02890, SMA2414	463	5	4890	6.33693304535637	1	1	0.998877665544332
INTERPRO	IPR012910:TonB-dependent receptor, plug	3	0.441176470588235	0.073470960621796	SMC02726, SMC02890, SMA2414	463	5	4890	6.33693304535637	1	1	0.998877665544332
UP_KW_DOMAIN	KW-0798~TonB box	3	0.441176470588235	0.099464527504381	SMC02726, SMC02890, SMA2414	200	5	1776	5.328	0.684129498436254	0.935677323056875	0.935677323056875
UP_KW_CELLULAR_COMPONENT	KW-0998~Cell outer membrane	4	0.588235294117647	0.464103545769977	SMC02726, SMC02890, SMC03034, SMA2414	222	20	1771	1.5954954954955	0.999438990000265	0.618804727693303	0.464103545769977
GOTERM_CC_DIRECT	GO:0009279~cell outer membrane	4	0.588235294117647	0.508517154461918	SMC02726, SMC02890, SMC03034, SMA2414	263	20	1971	1.49885931558935	0.999999999443774	1	0.896551724137931
												
Annotation Cluster 17	Enrichment Score: 1.0332185087744867											
Category	Term	Count	%	PValue	Genes	List Total	Pop Hits	Pop Total	Fold Enrichment	Bonferroni	Benjamini	FDR
SMART	SM01008:SM01008	4	0.588235294117647	0.065466574378687	SM_B21287, SM_B21556, SMA2037, SM_B20846	96	11	1075	4.0719696969697	0.991829782782432	1	1
UP_SEQ_FEATURE	DOMAIN:Ald_Xan_dh_C	4	0.588235294117647	0.071791546708551	SM_B21287, SM_B21556, SMA2037, SM_B20846	398	11	4346	3.97076290543627	0.999999999999978	1	0.992874109263658
INTERPRO	IPR008274:Aldehyde oxidase/xanthine dehydrogenase, molybdopterin binding	4	0.588235294117647	0.077946682335496	SM_B21287, SM_B21556, SMA2037, SM_B20846	463	11	4890	3.84056548203416	1	1	0.998877665544332
INTERPRO	IPR000674:Aldehyde oxidase/xanthine dehydrogenase, a/b hammerhead	4	0.588235294117647	0.077946682335496	SM_B21287, SM_B21556, SMA2037, SM_B20846	463	11	4890	3.84056548203416	1	1	0.998877665544332
GOTERM_MF_DIRECT	GO:0004854~xanthine dehydrogenase activity	3	0.441176470588235	0.238901710746378	SM_B21287, SM_B21556, SM_B20846	324	10	3453	3.19722222222222	1	1	0.990825688073394
												
Annotation Cluster 18	Enrichment Score: 1.0232086124775601											
Category	Term	Count	%	PValue	Genes	List Total	Pop Hits	Pop Total	Fold Enrichment	Bonferroni	Benjamini	FDR
UP_SEQ_FEATURE	DOMAIN:Bac_luciferase	3	0.441176470588235	0.069118904679568	SM_B21691, SM_B20100, SMC03968	398	5	4346	6.55175879396985	0.999999999999925	1	0.992874109263658
INTERPRO	IPR011251:Luciferase-like domain	3	0.441176470588235	0.073470960621796	SM_B21691, SM_B20100, SMC03968	463	5	4890	6.33693304535637	1	1	0.998877665544332
GOTERM_MF_DIRECT	GO:0016705~oxidoreductase activity, acting on paired donors, with incorporation or reduction of molecular oxygen	3	0.441176470588235	0.167749640086816	SM_B21691, SM_B20100, SMC03968	324	8	3453	3.99652777777778	1	1	0.990825688073394
												
Annotation Cluster 19	Enrichment Score: 1.0112471811265809											
Category	Term	Count	%	PValue	Genes	List Total	Pop Hits	Pop Total	Fold Enrichment	Bonferroni	Benjamini	FDR
SMART	SM00260:CheW	3	0.441176470588235	0.091677680346172	SMC03007, SMC03090, SMC03008	96	6	1075	5.59895833333333	0.998915975733613	1	1
UP_SEQ_FEATURE	DOMAIN:CheW-like	3	0.441176470588235	0.097544228994132	SMC03007, SMC03090, SMC03008	398	6	4346	5.45979899497487	1	1	0.992874109263658
INTERPRO	IPR002545:CheW-like protein	3	0.441176470588235	0.103464951892308	SMC03007, SMC03090, SMC03008	463	6	4890	5.28077753779698	1	1	0.998877665544332
												
Annotation Cluster 20	Enrichment Score: 0.9949940786355009											
Category	Term	Count	%	PValue	Genes	List Total	Pop Hits	Pop Total	Fold Enrichment	Bonferroni	Benjamini	FDR
INTERPRO	IPR017896:4Fe-4S ferredoxin-type, iron-sulpur binding domain	5	0.735294117647059	0.057275116456602	SMA1240, SMC01815, SMC04444, SMA1179, SMA1211	463	16	4890	3.30048596112311	1	1	0.998877665544332
UP_SEQ_FEATURE	DOMAIN:4Fe-4S ferredoxin-type	4	0.588235294117647	0.129468246662861	SMA1240, SMC01815, SMC04444, SMA1211	398	14	4346	3.11988513998564	1	1	0.992874109263658
INTERPRO	IPR017900:4Fe-4S ferredoxin, iron-sulphur binding, conserved site	4	0.588235294117647	0.139600995935507	SMA1240, SMC01815, SMC04444, SMA1211	463	14	4890	3.01758716445541	1	1	0.998877665544332
												
Annotation Cluster 21	Enrichment Score: 0.8319597961606725											
Category	Term	Count	%	PValue	Genes	List Total	Pop Hits	Pop Total	Fold Enrichment	Bonferroni	Benjamini	FDR
UP_SEQ_FEATURE	METAL:Iron-sulfur (4Fe-4S)	6	0.882352941176471	0.030400324564166	SMC00092, SMA1292, SMA1291, SMA1211, SMC02601, SMA1236	398	20	4346	3.27587939698492	0.999997802045335	1	0.992874109263658
GOTERM_MF_DIRECT	GO:0051539~4 iron, 4 sulfur cluster binding	9	1.32352941176471	0.116843666529047	SMA1240, SMA1292, SMC04444, SMA1291, SMA0814, SMA1266, SMA1211, SMC02601, SMA1236	324	53	3453	1.80974842767296	0.999999999998479	1	0.990825688073394
UP_KW_LIGAND	KW-0004~4Fe-4S	9	1.32352941176471	0.207893679463849	SMA1240, SMA1292, SMC04444, SMA1291, SMA0814, SMA1266, SMA1211, SMC02601, SMA1236	110	52	985	1.54982517482517	0.997664550684382	1	1
UP_KW_LIGAND	KW-0411~Iron-sulfur	9	1.32352941176471	0.636555291524963	SMC00092, SMC01815, SMA1292, SMC04444, SMA1291, SMA0814, SMA1211, SMC02601, SMA1236	110	77	985	1.04663518299882	0.999999999996273	1	1
												
Annotation Cluster 22	Enrichment Score: 0.6247985404231551											
Category	Term	Count	%	PValue	Genes	List Total	Pop Hits	Pop Total	Fold Enrichment	Bonferroni	Benjamini	FDR
INTERPRO	IPR011032:GroES-like	8	1.17647058823529	0.036495063428138	SMA1296, SMC00912, SM_B22023, SMA0745, SMC00105, SM_B20080, SMA1156, SM_B20170	463	34	4890	2.48507178249269	0.999999999999996	1	0.998877665544332
INTERPRO	IPR002328:Alcohol dehydrogenase, zinc-type, conserved site	5	0.735294117647059	0.069520843140541	SMA1296, SMC00105, SM_B20080, SMA1156, SM_B20170	463	17	4890	3.10633972811587	1	1	0.998877665544332
GOTERM_MF_DIRECT	GO:0004022~alcohol dehydrogenase (NAD) activity	3	0.441176470588235	0.167749640086816	SMA1296, SMC00105, SMA1156	324	8	3453	3.99652777777778	1	1	0.990825688073394
INTERPRO	IPR013149:Alcohol dehydrogenase, C-terminal	5	0.735294117647059	0.247886783033077	SMA1296, SMC00105, SM_B20080, SMA1156, SM_B20170	463	27	4890	1.9558435325174	1	1	0.998877665544332
INTERPRO	IPR013154:Alcohol dehydrogenase GroES-like	5	0.735294117647059	0.29134349199711	SMA1296, SMC00105, SM_B20080, SMA1156, SM_B20170	463	29	4890	1.82095777165413	1	1	0.998877665544332
UP_SEQ_FEATURE	DOMAIN:PKS_ER	4	0.588235294117647	0.299808489098714	SMA1296, SMC00105, SM_B20080, SMA1156	398	21	4346	2.07992342665709	1	1	0.992874109263658
SMART	SM00829:SM00829	4	0.588235294117647	0.3068746987021	SMA1296, SMC00105, SM_B20080, SMA1156	96	22	1075	2.03598484848485	0.999999999995015	1	1
INTERPRO	IPR020843:Polyketide synthase, enoylreductase	4	0.588235294117647	0.345423632592071	SMA1296, SMC00105, SM_B20080, SMA1156	463	22	4890	1.92028274101708	1	1	0.998877665544332
GOTERM_MF_DIRECT	GO:0008270~zinc ion binding	7	1.02941176470588	0.728711839828414	SMA1296, SM_B21293, SM_B20199, SMC00105, SM_B20080, SMA1156, SM_B20170	324	76	3453	0.981603313840156	1	1	0.990825688073394
UP_KW_LIGAND	KW-0862~Zinc	11	1.61764705882353	0.793655939873197	SMA1296, SM_B21293, SM_B20195, SM_B20199, SMC02136, SMC04458, SMC00105, SM_B20080, SMA1156, SMA1126, SM_B20170	110	109	985	0.903669724770642	1	1	1
												
Annotation Cluster 23	Enrichment Score: 0.5613125327751841											
Category	Term	Count	%	PValue	Genes	List Total	Pop Hits	Pop Total	Fold Enrichment	Bonferroni	Benjamini	FDR
SMART	SM00419:HTH_CRP	3	0.441176470588235	0.091677680346172	SMA1207, SMA1225, SMA0762	96	6	1075	5.59895833333333	0.998915975733613	1	1
SMART	SM00100:cNMP	3	0.441176470588235	0.218892221190514	SMA1207, SMA1225, SMA0762	96	10	1075	3.359375	0.999999975874387	1	1
UP_SEQ_FEATURE	DOMAIN:HTH crp-type	3	0.441176470588235	0.23051242592407	SMA1207, SMA1225, SMA0762	398	10	4346	3.27587939698492	1	1	0.992874109263658
INTERPRO	IPR012318:Helix-turn-helix motif, Crp-type	3	0.441176470588235	0.279102103693408	SMA1207, SMA1225, SMA0762	463	11	4890	2.88042411152562	1	1	0.998877665544332
INTERPRO	IPR000595:Cyclic nucleotide-binding domain	3	0.441176470588235	0.351542200176239	SMA1207, SMA1225, SMA0762	463	13	4890	2.43728194052168	1	1	0.998877665544332
INTERPRO	IPR018490:Cyclic nucleotide-binding-like	3	0.441176470588235	0.351542200176239	SMA1207, SMA1225, SMA0762	463	13	4890	2.43728194052168	1	1	0.998877665544332
INTERPRO	IPR014710:RmlC-like jelly roll fold	5	0.735294117647059	0.737744434674878	SMA1076, SMC02042, SMA1207, SMA1225, SMA0762	463	52	4890	1.01553414188403	1	1	0.998877665544332
												
Annotation Cluster 24	Enrichment Score: 0.48971519195508983											
Category	Term	Count	%	PValue	Genes	List Total	Pop Hits	Pop Total	Fold Enrichment	Bonferroni	Benjamini	FDR
INTERPRO	IPR015422:Pyridoxal phosphate-dependent transferase, major region, subdomain 2	8	1.17647058823529	0.188696763279048	SMA0682, SMA1495, SMC00640, SM_B21414, SMC02049, SMC03104, SMA2400, SMA2402	463	50	4890	1.68984881209503	1	1	0.998877665544332
UP_KW_LIGAND	KW-0663~Pyridoxal phosphate	6	0.882352941176471	0.274933708609045	SMA1495, SMC00640, SMC02049, SMC03104, SMA2400, SMA2402	110	32	985	1.67897727272727	0.999765673939028	1	1
INTERPRO	IPR015424:Pyridoxal phosphate-dependent transferase	8	1.17647058823529	0.275038669145269	SMA0682, SMA1495, SMC00640, SM_B21414, SMC02049, SMC03104, SMA2400, SMA2402	463	56	4890	1.50879358222771	1	1	0.998877665544332
INTERPRO	IPR015421:Pyridoxal phosphate-dependent transferase, major region, subdomain 1	8	1.17647058823529	0.275038669145269	SMA0682, SMA1495, SMC00640, SM_B21414, SMC02049, SMC03104, SMA2400, SMA2402	463	56	4890	1.50879358222771	1	1	0.998877665544332
GOTERM_MF_DIRECT	GO:0030170~pyridoxal phosphate binding	4	0.588235294117647	0.907076850233248	SM_B21414, SMC03104, SMA2400, SMA2402	324	56	3453	0.761243386243386	1	1	0.990825688073394
												
Annotation Cluster 25	Enrichment Score: 0.39257858274766005											
Category	Term	Count	%	PValue	Genes	List Total	Pop Hits	Pop Total	Fold Enrichment	Bonferroni	Benjamini	FDR
UP_SEQ_FEATURE	DOMAIN:AA_TRNA_LIGASE_II	3	0.441176470588235	0.161430569779203	SMC03173, SMC00365, SMC01756	398	8	4346	4.09484924623116	1	1	0.992874109263658
INTERPRO	IPR006195:Aminoacyl-tRNA synthetase, class II	3	0.441176470588235	0.170521148281302	SMC03173, SMC00365, SMC01756	463	8	4890	3.96058315334773	1	1	0.998877665544332
UP_KW_BIOLOGICAL_PROCESS	KW-0648~Protein biosynthesis	6	0.882352941176471	0.599098925357327	SMC03173, SMC03242, SMC02100, SMC00365, SMC02436, SMC01756	154	45	1339	1.15930735930736	1	1	0.905660377358491
UP_KW_MOLECULAR_FUNCTION	KW-0030~Aminoacyl-tRNA synthetase	3	0.441176470588235	0.664634906247207	SMC03173, SMC00365, SMC01756	244	22	2419	1.3519001490313	1	1	0.921052631578947
UP_KW_MOLECULAR_FUNCTION	KW-0436~Ligase	6	0.882352941176471	0.993713914569254	SMC03173, SMC00494, SMC00365, SMC00908, SMC01268, SMC01756	244	116	2419	0.512789711701526	1	1	0.993713914569254
												
Annotation Cluster 26	Enrichment Score: 0.2627094227564169											
Category	Term	Count	%	PValue	Genes	List Total	Pop Hits	Pop Total	Fold Enrichment	Bonferroni	Benjamini	FDR
UP_SEQ_FEATURE	TRANSMEM:Helical	114	16.7647058823529	0.085621833411748	SMC00978, SM_B21188, SM_B21505, SMC03042, SMA1210, SMC03167, SMC01022, SMA1216, SMA0765, SMA0007, SMA0766, SMA1179, SMA1211, SMC02513, SMA1214, SMA1213, SMC00975, SMC00506, SMA1209, SMA1208, SM_B20944, SMC03054, SMA1166, SMC02240, SMC02882, SMA1283, SMC02243, SM_B21191, SMC03829, SMA0669, SM_B20359, SMA1078, SMA1232, SMA1198, SMC03022, SMA1194, SMC01366, SMC01882, SMA0667, SMC03026, SMC00399, SMC00830, SMC02615, SM_B21175, SM_B21174, SM_B22024, SMA1185, SMA1220, SMC01095, SMC03035, SMC02981, SMC01497, SMC03158, SMC00566, SM_B21292, SMC01869, SMA1538, SM_B20611, SMC04183, SMA1252, SM_B20726, SMC04294, SMA1096, SMC01982, SMA1259, SMC01984, SMC01104, SMC00014, SMC01469, SMC01985, SMA0684, SMC03938, SMC03939, SMA1241, SMA1089, SMA1122, SMC01591, SMC03014, SMA0678, SMC01634, SMA1126, SMC00821, SMA0675, SM_B21487, SM_B21489, SM_B21488, SM_B20954, SM_B20705, SMA1273, SM_B20946, SMA1276, SMC02255, SMC02254, SMA0621, SMC00992, SMC04316, SMC00353, SMA0863, SMA0866, SMC01721, SMC00801, SM_B21132, SM_B20961, SM_B20604, SM_B20725, SMC01180, SM_B20603, SM_B20957, SMC04283, SMA0175, SMA0853, SMC03238, SMC02545, SMC00765	398	1107	4346	1.12451144611949	1	1	0.992874109263658
UP_KW_CELLULAR_COMPONENT	KW-1003~Cell membrane	55	8.08823529411765	0.357540112341601	SM_B20611, SMC03042, SMA1210, SMA1096, SMC01022, SMC04458, SMA0007, SMA1211, SMC00975, SMA1213, SMA1209, SMA1208, SM_B20944, SMA1122, SMC02240, SMC04300, SMC03014, SMA0678, SMA1126, SMC03019, SMC03829, SM_B21487, SM_B21489, SM_B20954, SMC03020, SM_B20946, SMC03021, SMA1232, SMA1198, SMC03022, SMC02254, SMA0863, SMC01882, SMC00353, SMA0866, SMC00399, SMC01721, SM_B21177, SM_B21132, SM_B22024, SM_B20961, SM_B20604, SM_B20603, SM_B20958, SMA1185, SM_B20957, SMA1188, SMC01095, SMA1220, SMC03035, SMC02981, SMA0853, SMC02545, SMC02501, SMC03159	222	412	1771	1.06495451762442	0.995055160393191	0.536310168512402	0.357540112341601
UP_KW_DOMAIN	KW-1133~Transmembrane helix	66	9.70588235294118	0.506865152755351	SM_B21188, SMA1538, SM_B20611, SMC04183, SM_B21505, SMA1252, SM_B20726, SMA1210, SMC01022, SMA1216, SMA1259, SMC01104, SMA0766, SMC00014, SMC01469, SMA1179, SMA1211, SMA1214, SMA1213, SMC00506, SMA1209, SMA1208, SM_B20944, SMA1241, SMA1166, SMA1089, SMC01591, SMC02882, SMC03014, SMA1283, SMC02243, SMC00821, SMA0669, SM_B20954, SM_B20359, SM_B20705, SM_B20946, SMA1078, SMA1276, SMA1232, SMC03022, SMA1194, SMC00992, SMC01366, SMA0863, SMC00353, SMA0866, SMA0667, SMC03026, SMC02615, SMC01721, SMC00830, SMC00801, SM_B20961, SM_B20725, SMC01180, SMA1185, SM_B20957, SMC04283, SMC01095, SMA1220, SMA0853, SMC03238, SMC00765, SMC00566, SM_B21292	200	577	1776	1.01573656845754	0.999580605604906	0.935677323056875	0.935677323056875
UP_KW_DOMAIN	KW-0812~Transmembrane	98	14.4117647058824	0.94715984146107	SMC00978, SM_B21188, SM_B21505, SMC03042, SMA1210, SMC03167, SMC01022, SMA1216, SMA0007, SMA0766, SMA1179, SMA1211, SMC02513, SMA1214, SMA1213, SMC00975, SMC00506, SMA1209, SMA1208, SM_B20944, SMA1166, SMC02240, SMC03057, SMC02882, SMA1283, SMC02243, SMA2414, SM_B21191, SMC03829, SMA0669, SM_B20359, SMA1078, SMA1232, SMA1198, SMC02054, SMC03022, SMA1194, SMC01366, SMC01882, SMA0667, SMC04236, SMC03026, SMC00830, SMC02615, SM_B22024, SMA1185, SMA1220, SMC01095, SMC02981, SMC00566, SM_B21292, SMC01869, SMA1538, SMC01907, SM_B20611, SMC04183, SMA1252, SM_B20726, SMC04452, SMC01982, SMA1259, SMC01104, SMC00014, SMC01469, SMA0684, SMC03938, SMC03939, SMA1241, SMA1089, SMA1122, SMC01591, SMC03014, SMC00821, SM_B21487, SM_B20954, SM_B20705, SM_B20946, SMA1276, SMC02254, SMC00992, SMC00353, SMA0863, SMA0866, SMC03103, SMC01721, SMC00801, SM_B20961, SM_B20604, SM_B20725, SMC01180, SM_B20603, SM_B20957, SMC04283, SMA0175, SMA0853, SMC03238, SMC02545, SMC00765	200	957	1776	0.909341692789969	0.999999999999991	1	1
GOTERM_CC_DIRECT	GO:0005886~plasma membrane	67	9.85294117647059	0.985846879068668	SM_B20611, SMC03042, SMA1210, SMC04294, SMA1096, SMC01022, SMC04458, SMC01984, SMA0007, SMC01985, SMA1211, SMC00975, SMA1213, SMC03938, SMA1209, SMA1208, SM_B20661, SM_B20944, SMC03054, SMA1122, SMC02240, SMC03014, SMC01634, SMC03857, SMA1126, SMC03019, SMC03829, SM_B21487, SM_B21489, SM_B21488, SM_B20954, SMC03020, SM_B20946, SMA1273, SMC03021, SMA1232, SMA1198, SMC02255, SMC03022, SMC02254, SMA0621, SMC01882, SMC04316, SMC00353, SMA0866, SMC00399, SMC01721, SM_B21177, SM_B21132, SM_B22024, SM_B20961, SM_B20604, SM_B20603, SM_B20958, SMA1185, SM_B20957, SMA1188, SMC04283, SMC01095, SMC03035, SMC02981, SMC04288, SMA0853, SMC01497, SMC02501, SMC03158, SMC03159	263	606	1971	0.828577344426458	1	1	0.985846879068668
UP_KW_CELLULAR_COMPONENT	KW-0472~Membrane	136	20	0.999999129773228	SMC00978, SM_B21188, SM_B21505, SMC03042, SMA1210, SMC03167, SMC01022, SMA1216, SMA0765, SMA0007, SMA0766, SMA1179, SMA1211, SMC02513, SMA1214, SMA1213, SMC00975, SMC00506, SMA1209, SMA1208, SM_B20661, SM_B20944, SMC03054, SMA1166, SMC02240, SMC04300, SMC03057, SMC02882, SMA1283, SMC02243, SMA2414, SM_B21191, SMC03829, SMA0669, SM_B20359, SMC03020, SMC03021, SMA1078, SMA1232, SMA1198, SMC02054, SMC03022, SMA1194, SMC01366, SMC01882, SMA0667, SMC04236, SMC03026, SMC00399, SMC00830, SMC02615, SM_B21175, SM_B21174, SM_B21177, SM_B22024, SMA1185, SMA1188, SMA1220, SMC01095, SMC03035, SMC02981, SMC03157, SMC03034, SMC02501, SMC01497, SMC03158, SMC03159, SMC00566, SM_B21292, SMC01869, SMA1538, SMC01907, SM_B20611, SMC04183, SMA1252, SM_B20726, SMC04294, SMA1096, SMC04452, SMC01982, SMC04458, SMA1259, SMC01984, SMC01104, SMC00014, SMC01469, SMC01985, SMA0684, SMC03938, SMC03939, SMC02726, SMA1241, SMA1089, SMA1122, SMC01591, SMC03014, SMA0678, SMC01634, SMA1126, SMC03019, SMC00821, SMA0675, SM_B21487, SM_B21489, SM_B21488, SM_B20954, SM_B20705, SMA1273, SM_B20946, SMA1276, SMC02890, SMC02255, SMC02254, SMA0621, SMC00992, SMC04316, SMC00353, SMA0863, SMA0866, SMC03103, SMC01721, SMC00801, SM_B21132, SM_B20961, SM_B20604, SM_B20725, SMC01180, SM_B20603, SM_B20958, SM_B20957, SMC04283, SMA0175, SMA0853, SMC03238, SMC02545, SMC00765	222	1319	1771	0.822545062120498	1	1	0.999999129773228
GOTERM_CC_DIRECT	GO:0016021~integral component of membrane	116	17.0588235294118	0.999999877778294	SMC00978, SM_B21188, SM_B21505, SMC03042, SMA1210, SMC03167, SMC01022, SMA1216, SMA0765, SMA0007, SMA0766, SMA1179, SMA1211, SMC02513, SMA1214, SMA1213, SMC00975, SMC00506, SMA1209, SMA1208, SM_B20944, SMC03054, SMA1166, SMC02240, SMC03057, SMC02882, SMA1283, SMC02243, SMA2414, SM_B21191, SMC03829, SMA0669, SM_B20359, SMA1078, SMA1232, SMA1198, SMC02054, SMC03022, SMA1194, SMC01366, SMC01882, SMA0667, SMC04236, SMC03026, SMC00399, SMC00830, SMC02615, SM_B22024, SMA1185, SMA1220, SMC01095, SMC03035, SMC02981, SMC01497, SMC03158, SMC00566, SM_B21292, SMC01869, SMA1538, SMC01907, SM_B20611, SMC04183, SMA1252, SM_B20726, SMC04294, SMA1096, SMC04452, SMC01982, SMA1259, SMC01984, SMC01104, SMC00014, SMC01469, SMC01985, SMA0684, SMC03938, SMC03939, SMA1241, SMA1089, SMA1122, SMC01591, SMC03014, SMC01634, SMA1126, SMC00821, SMA0675, SM_B21487, SM_B21489, SM_B21488, SM_B20954, SM_B20705, SMA1273, SM_B20946, SMA1276, SMC02255, SMC02254, SMA0621, SMC00992, SMC04316, SMC00353, SMA0866, SMC03103, SMC01721, SMC00801, SM_B21132, SM_B20961, SM_B20604, SM_B20725, SMC01180, SM_B20603, SM_B20957, SMC04283, SMA0175, SMA0853, SMC03238, SMC00765	263	1152	1971	0.754634030418251	1	1	0.999999877778294
												
Annotation Cluster 27	Enrichment Score: 0.24849358235347913											
Category	Term	Count	%	PValue	Genes	List Total	Pop Hits	Pop Total	Fold Enrichment	Bonferroni	Benjamini	FDR
UP_SEQ_FEATURE	METAL:Magnesium 1	3	0.441176470588235	0.468730708964683	SMC03173, SM_B20202, SMC04346	398	17	4346	1.92698788057937	1	1	0.992874109263658
UP_SEQ_FEATURE	METAL:Magnesium 2	3	0.441176470588235	0.468730708964683	SMC03173, SM_B20202, SMC04346	398	17	4346	1.92698788057937	1	1	0.992874109263658
GOTERM_MF_DIRECT	GO:0000287~magnesium ion binding	6	0.882352941176471	0.81784770306191	SMC03173, SM_B20198, SM_B20202, SMC00365, SMC04346, SMC00324	324	72	3453	0.888117283950617	1	1	0.990825688073394
												
Annotation Cluster 28	Enrichment Score: 0.20124277685271144											
Category	Term	Count	%	PValue	Genes	List Total	Pop Hits	Pop Total	Fold Enrichment	Bonferroni	Benjamini	FDR
INTERPRO	IPR016167:FAD-binding, type 2, subdomain 1	3	0.441176470588235	0.487040542417075	SM_B20097, SMA2041, SMC03103	463	17	4890	1.86380383686952	1	1	0.998877665544332
UP_SEQ_FEATURE	DOMAIN:FAD-binding PCMH-type	3	0.441176470588235	0.557318243286197	SM_B20097, SMA2041, SMC03103	398	20	4346	1.63793969849246	1	1	0.992874109263658
INTERPRO	IPR016166:FAD-binding, type 2	3	0.441176470588235	0.6035325268338	SM_B20097, SMA2041, SMC03103	463	21	4890	1.50879358222771	1	1	0.998877665544332
INTERPRO	IPR016169:CO dehydrogenase flavoprotein-like, FAD-binding, subdomain 2	3	0.441176470588235	0.653828262022488	SM_B20097, SMA2041, SMC03103	463	23	4890	1.37759414029486	1	1	0.998877665544332
UP_KW_LIGAND	KW-0274~FAD	7	1.02941176470588	0.687900172243524	SMC00977, SMA1188, SM_B20097, SMA1250, SMA2041, SMC03103, SMC02229	110	61	985	1.02757078986587	0.999999999999929	1	1
UP_KW_LIGAND	KW-0285~Flavoprotein	7	1.02941176470588	0.687900172243524	SM_B21691, SM_B20097, SMA1250, SMA2041, SMC03103, SMC02349, SMC00943	110	61	985	1.02757078986587	0.999999999999929	1	1
GOTERM_MF_DIRECT	GO:0071949~FAD binding	3	0.441176470588235	0.769869264293708	SM_B20097, SMA2041, SMC03103	324	29	3453	1.10249042145594	1	1	0.990825688073394
												
Annotation Cluster 29	Enrichment Score: 0.1751627774166228											
Category	Term	Count	%	PValue	Genes	List Total	Pop Hits	Pop Total	Fold Enrichment	Bonferroni	Benjamini	FDR
INTERPRO	IPR001041:2Fe-2S ferredoxin-type domain	4	0.588235294117647	0.476437184388916	SMA5011, SMC04444, SMA5031, SM_B21558	463	27	4890	1.56467482601392	1	1	0.998877665544332
UP_SEQ_FEATURE	DOMAIN:2Fe-2S ferredoxin-type	3	0.441176470588235	0.701449237229816	SMA5011, SMC04444, SM_B21558	398	26	4346	1.25995361422497	1	1	0.992874109263658
GOTERM_MF_DIRECT	GO:0051537~2 iron, 2 sulfur cluster binding	3	0.441176470588235	0.89229769484034	SMA5011, SMC04444, SM_B21558	324	39	3453	0.81980056980057	1	1	0.990825688073394
												
Annotation Cluster 30	Enrichment Score: 0.17123931984649657											
Category	Term	Count	%	PValue	Genes	List Total	Pop Hits	Pop Total	Fold Enrichment	Bonferroni	Benjamini	FDR
INTERPRO	IPR016181:Acyl-CoA N-acyltransferase	6	0.882352941176471	0.535206806337339	SMA1176, SMC03773, SMA2406, SMC00168, SMC02576, SMA1146	463	51	4890	1.24253589124635	1	1	0.998877665544332
UP_SEQ_FEATURE	DOMAIN:N-acetyltransferase	4	0.588235294117647	0.670337500403982	SMA1176, SMC03773, SMC02576, SMA1146	398	37	4346	1.18049707999457	1	1	0.992874109263658
INTERPRO	IPR000182:GNAT domain	4	0.588235294117647	0.674872138328345	SMA1176, SMC03773, SMC02576, SMA1146	463	36	4890	1.17350611951044	1	1	0.998877665544332
GOTERM_MF_DIRECT	GO:0008080~N-acetyltransferase activity	3	0.441176470588235	0.853112053812775	SMA1176, SMC03773, SMA1146	324	35	3453	0.913492063492063	1	1	0.990825688073394
												
Annotation Cluster 31	Enrichment Score: 0.14567793731898634											
Category	Term	Count	%	PValue	Genes	List Total	Pop Hits	Pop Total	Fold Enrichment	Bonferroni	Benjamini	FDR
UP_SEQ_FEATURE	DNA_BIND:H-T-H motif	6	0.882352941176471	0.468090734367047	SMA0849, SMA0815, SMA2008, SM_B20347, SMA1225, SMC02866	398	49	4346	1.33709363142242	1	1	0.992874109263658
UP_SEQ_FEATURE	DOMAIN:HTH tetR-type	3	0.441176470588235	0.73998662915808	SMA2008, SM_B20347, SMC02866	398	28	4346	1.16995692749462	1	1	0.992874109263658
INTERPRO	IPR001647:DNA-binding HTH domain, TetR-type	3	0.441176470588235	0.757299260933374	SMA2008, SM_B20347, SMC02866	463	28	4890	1.13159518667078	1	1	0.998877665544332
INTERPRO	IPR009057:Homeodomain-like	4	0.588235294117647	0.996475902306562	SMA2008, SM_B20347, SMA1822, SMC02866	463	98	4890	0.431083880636488	1	1	0.998877665544332
												
Annotation Cluster 32	Enrichment Score: 0.07876761141463309											
Category	Term	Count	%	PValue	Genes	List Total	Pop Hits	Pop Total	Fold Enrichment	Bonferroni	Benjamini	FDR
UP_SEQ_FEATURE	DOMAIN:SBP_bac_5	3	0.441176470588235	0.73998662915808	SMA0104, SMC04293, SMA1379	398	28	4346	1.16995692749462	1	1	0.992874109263658
INTERPRO	IPR000914:Bacterial extracellular solute-binding protein, family 5	3	0.441176470588235	0.774469768270812	SMA0104, SMC04293, SMA1379	463	29	4890	1.09257466299248	1	1	0.998877665544332
PIR_SUPERFAMILY	PIRSF002741:peptide binding protein, MppA type	3	0.441176470588235	0.845248652812346	SMA0104, SMC04293, SMA1379	77	28	675	0.939239332096475	1	1	1
GOTERM_CC_DIRECT	GO:0043190~ATP-binding cassette (ABC) transporter complex	5	0.735294117647059	0.999347947896358	SM_B21176, SMA0104, SMA0863, SMC04293, SMA1379	263	95	1971	0.394436661997198	1	1	0.999347947896358
												
Annotation Cluster 33	Enrichment Score: 0.07413562526978941											
Category	Term	Count	%	PValue	Genes	List Total	Pop Hits	Pop Total	Fold Enrichment	Bonferroni	Benjamini	FDR
GOTERM_MF_DIRECT	GO:0005524~ATP binding	43	6.32352941176471	0.559800258174352	SMC00912, SM_B20196, SMC00913, SM_B21566, SMC03981, SMC02099, SMC03025, SMA1272, SMC02376, SMC00494, SMA1073, SMC04458, SMA0621, SMC03007, SMA0744, SMA0745, SMC02796, SMC02857, SMC02438, SM_B21096, SM_B21177, SMA1209, SM_B22023, SM_B20661, SMA0815, SM_B20961, SMC00908, SM_B20201, SM_B20149, SMC03173, SMC04300, SMA1184, SMC04288, SMC00365, SMA0776, SMC02501, SMA0855, SMC03159, SMC02346, SMA1146, SM_B21191, SMA0697, SMC01756	324	454	3453	1.00940202316854	1	1	0.990825688073394
UP_KW_LIGAND	KW-0067~ATP-binding	27	3.97058823529412	0.582854966197696	SM_B20196, SMC00913, SM_B21566, SMC03981, SMC02099, SMC03025, SMC02376, SMA1073, SMC04458, SMA0621, SMC03007, SMA0744, SMC02857, SM_B21177, SMA1209, SMA0815, SM_B20961, SM_B20201, SM_B20149, SMC03173, SMC00365, SMA0776, SMC02501, SMA0855, SMC03159, SMA0697, SMC01756	110	239	985	1.01160136934196	0.999999999865889	1	1
UP_KW_LIGAND	KW-0547~Nucleotide-binding	30	4.41176470588235	0.765033639401002	SM_B20196, SMC00913, SM_B21566, SMC03981, SMC02099, SMC03025, SMC02376, SMC03242, SMA1073, SMC04458, SMA0621, SMC03007, SMA0744, SMC01169, SMC02857, SM_B21177, SMA1209, SMA0815, SM_B20961, SM_B20201, SM_B20149, SMC03173, SMC00365, SMA0776, SMC02501, SMA0855, SMC03159, SMC00943, SMA0697, SMC01756	110	287	985	0.936015204307887	1	1	1
UP_SEQ_FEATURE	NP_BIND:ATP	23	3.38235294117647	0.807516896965414	SM_B21096, SMC00913, SM_B21177, SM_B20661, SMA0815, SM_B21566, SM_B20961, SM_B20201, SMC04300, SMC03981, SMC02099, SMC03025, SMA1184, SMC04288, SMC04458, SMC02501, SMA0744, SMC02796, SMC03159, SMC02346, SM_B21191, SMC02438, SMC01756	398	280	4346	0.896966977745872	1	1	0.992874109263658
SMART	SM00382:AAA	17	2.5	0.882839968793073	SM_B21096, SM_B20196, SM_B21177, SM_B20661, SMA0815, SMC04300, SMC03025, SMA1184, SMA1073, SMC04288, SMA0776, SMC02501, SMC02796, SMC03159, SMC02346, SM_B21191, SMC03857	96	226	1075	0.84232116519174	1	1	1
INTERPRO	IPR003593:AAA+ ATPase domain	17	2.5	0.918116136901457	SM_B21096, SM_B20196, SM_B21177, SM_B20661, SMA0815, SMC04300, SMC03025, SMA1184, SMA1073, SMC04288, SMA0776, SMC02501, SMC02796, SMC03159, SMC02346, SM_B21191, SMC03857	463	226	4890	0.79445325789866	1	1	0.998877665544332
INTERPRO	IPR027417:P-loop containing nucleoside triphosphate hydrolase	27	3.97058823529412	0.946896008142014	SM_B20196, SMC03025, SMA1272, SMC03242, SMA1073, SMC01267, SMC04458, SMC02796, SM_B21096, SM_B21177, SM_B20661, SMA0815, SM_B20961, SM_B20201, SMC03251, SMC04187, SMA0670, SMC04300, SMA1184, SMC04288, SMA0776, SMC02501, SMC03159, SMC02346, SM_B21191, SMC03857, SMA0851	463	359	4890	0.794323083679768	1	1	0.998877665544332
INTERPRO	IPR017871:ABC transporter, conserved site	9	1.32352941176471	0.994208631636666	SM_B21096, SM_B21177, SMC04300, SMA1184, SMC04288, SM_B20661, SMC03159, SMC02346, SM_B21191	463	172	4890	0.552639509769451	1	1	0.998877665544332
UP_SEQ_FEATURE	DOMAIN:ABC transporter	9	1.32352941176471	0.997629520920644	SM_B21096, SM_B21177, SMC04300, SMA1184, SMC04288, SM_B20661, SMC03159, SMC02346, SM_B21191	398	192	4346	0.511856155778895	1	1	0.997629520920644
GOTERM_MF_DIRECT	GO:0042626~ATPase activity, coupled to transmembrane movement of substances	6	0.882352941176471	0.998139092359879	SMC04300, SMA1184, SMC04288, SM_B20661, SMC02346, SM_B21191	324	142	3453	0.450312989045383	1	1	0.998139092359879
INTERPRO	IPR003439:ABC transporter-like	9	1.32352941176471	0.99853340043353	SM_B21096, SM_B21177, SMC04300, SMA1184, SMC04288, SM_B20661, SMC03159, SMC02346, SM_B21191	463	193	4890	0.492507749639096	1	1	0.998877665544332
												
Annotation Cluster 34	Enrichment Score: 0.07113443690405233											
Category	Term	Count	%	PValue	Genes	List Total	Pop Hits	Pop Total	Fold Enrichment	Bonferroni	Benjamini	FDR
UP_KW_MOLECULAR_FUNCTION	KW-0010~Activator	3	0.441176470588235	0.61191157164829	SMA0849, SMA0815, SMA1225	244	20	2419	1.48709016393443	1	1	0.921052631578947
UP_KW_BIOLOGICAL_PROCESS	KW-0805~Transcription regulation	7	1.02941176470588	0.999872591041116	SMA0849, SMC02061, SMC03969, SMA0815, SMA1226, SMA1225, SMC01778	154	154	1339	0.395218417945691	1	1	0.999872591041116
UP_KW_BIOLOGICAL_PROCESS	KW-0804~Transcription	7	1.02941176470588	0.9999156362739	SMA0849, SMC02061, SMC03969, SMA0815, SMA1226, SMA1225, SMC01778	154	158	1339	0.385212888377445	1	1	0.9999156362739
												
Annotation Cluster 35	Enrichment Score: 0.06453754934441508											
Category	Term	Count	%	PValue	Genes	List Total	Pop Hits	Pop Total	Fold Enrichment	Bonferroni	Benjamini	FDR
UP_KW_PTM	KW-0597~Phosphoprotein	8	1.17647058823529	0.724860453215064	SMC03010, SMA1550, SMA1209, SMC03011, SMC03006, SMC03007, SMA0852, SMC02857	16	100	197	0.985	0.998423241837796	1	1
UP_SEQ_FEATURE	DOMAIN:Response regulatory	5	0.735294117647059	0.85783047316727	SMC03010, SMA1550, SMC03046, SMC03011, SMC03006	398	65	4346	0.839969076149981	1	1	0.992874109263658
INTERPRO	IPR001789:Signal transduction response regulator, receiver domain	5	0.735294117647059	0.875288418055669	SMC03010, SMA1550, SMC03046, SMC03011, SMC03006	463	65	4890	0.812427313507227	1	1	0.998877665544332
INTERPRO	IPR011006:CheY-like superfamily	5	0.735294117647059	0.896327247033383	SMC03010, SMA1550, SMC03046, SMC03011, SMC03006	463	68	4890	0.776584932028967	1	1	0.998877665544332
GOTERM_BP_DIRECT	GO:0000160~phosphorelay signal transduction system	5	0.735294117647059	0.912747894857505	SMA1550, SMC03046, SMC03011, SMA0815, SMC03006	239	56	2016	0.753138075313808	1	1	0.972027972027972
SMART	SM00448:REC	4	0.588235294117647	0.920767978526675	SMC03010, SMA1550, SMC03011, SMC03006	96	61	1075	0.734289617486339	1	1	1
