Sample,id,FoldChange
1,SMc02575,3.79369132198578
2,SMc02576,3.09683943056297
3,SMc02582,2.27015588722058
4,SMc02615,0.378583315574862
5,SMc02854,0.405689719196073
6,SMc02857,2.45219702853715
7,SMc02866,2.03641464220379
8,SMc02868,2.75300083211718
9,SMc02882,2.03873768872994
10,SMc02890,2.59700615093064
11,SMc02911,3.20259624644293
12,SMc00320,2.31822355089987
13,SMc00321,2.69091404841024
14,SMc00324,2.33513316749879
15,SMc00332,2.15360241519903
16,SMc00335,2.87734189715722
17,SMc00362,2.22383151847735
18,SMc00365,2.35245079636758
19,SMc00371,0.359464512678448
20,SMc00397,2.05734295454525
21,SMc00399,2.25009744405084
22,SMc00404,0.447236529524166
23,SMc01160,0.228874663018806
24,SMc01159,0.189912708829119
25,SMc01142,2.33414419453329
26,SMc01106,2.89740060783084
27,SMc01104,4.41422623327655
28,SMc01095,2.32996725563194
29,SMc01092,2.2208546749515
30,SMc01721,2.0288718447063
31,SMc01720,2.44276974184973
32,SMc02178,0.379079465804686
33,SMc02172,2.2094646513852
34,SMc02171,2.25352155103278
35,SMc02156,0.213671780374291
36,SMc02136,2.00679834301159
37,SMc02229,3.21363371225084
38,SMc02243,2.11975502409034
39,SMc02254,0.089735846660631
40,SMc02255,0.115829291930852
41,SMc03004,8.31334853253889
42,SMc03006,7.51881948508406
43,SMc03007,6.26762916145556
44,SMc03008,2.95448912583326
45,SMc03009,6.67580185689264
46,SMc03010,3.89918902380164
47,SMc03011,2.31880317319442
48,SMc03012,2.51694166040577
49,SMc03014,11.4977089244307
50,SMc03017,2.15888601669481
51,SMc03019,8.04833651498448
52,SMc03020,7.15449985040489
53,SMc03021,8.91651131538235
54,SMc03022,10.4963489282037
55,SMc03023,11.2770754063946
56,SMc03024,18.6302469669555
57,SMc03025,12.5012793051914
58,SMc03026,9.80322752392102
59,SMc03027,11.7305478923198
60,SMc03028,19.8227384082727
61,SMc03029,11.1100670469042
62,SMc03030,11.6658543015406
63,SMc03031,11.6306717701026
64,SMc03032,8.03689991575018
65,SMc03033,10.4417606278407
66,SMc03034,11.5235739011988
67,SMc03035,9.5132872339437
68,SMc03037,4.65050568177534
69,SMc03038,3.67971442229985
70,SMc03039,4.68653225147645
71,SMc03040,4.99053331885456
72,SMc03041,11.1703620917291
73,SMc03042,12.7360418189831
74,SMc03043,9.21301692898555
75,SMc03044,11.0600515365089
76,SMc03045,18.4755925477169
77,SMc03046,6.43714757156101
78,SMc03047,8.31402323596287
79,SMc03048,5.97703789243547
80,SMc03049,6.02942350321992
81,SMc03050,6.54352233019297
82,SMc03051,7.60543494935011
83,SMc03052,6.64956028142506
84,SMc03054,7.73462434710736
85,SMc03071,4.70905501999574
86,SMc03072,5.09053050752142
87,SMc03057,6.15398608693945
88,SMc00765,2.84270949653744
89,SMc00801,0.228684999187984
90,SMc00815,2.7021647800878
91,SMc00821,5.67884725558832
92,SMc00830,0.475587027630133
93,SMc00913,6.44387912917821
94,SMc00912,9.59986589303522
95,SMc00908,2.18821513487708
96,SMc00888,6.91012805904031
97,SMc00992,2.16050690978965
98,SMc00991,2.02704316262055
99,SMc00986,15.7476024504623
100,SMc00980,0.454453676553651
101,SMc00978,2.3883684811885
102,SMc00977,2.59256067041674
103,SMc00975,5.14931680929544
104,SMc00084,0.301352776673185
105,SMc00092,0.270979370246832
106,SMc00097,2.25306442477204
107,SMc00040,0.387972803335834
108,SMc00105,2.5738466834917
109,SMc00045,0.424260418099134
110,SMc00062,0.409620265521591
111,SMc02376,2.07554052660163
112,SMc02382,2.22835699832995
113,SMc02601,2.22466351971299
114,SMc02545,5.70616612475441
115,SMc00565,4.97348556714013
116,SMc00566,2.08973077147324
117,SMc00567,3.20723597022529
118,SMc00568,2.1421465943847
119,SMc00591,2.40961788611336
120,SMc00620,3.03842633932275
121,SMc01756,2.44410553974078
122,SMc01766,0.401305717554653
123,SMc01774,0.269282818646507
124,SMc01804,2.24511128684863
125,SMc01907,2.2231444403034
126,SMc01333,2.78817539830459
127,SMc01321,2.76116498624868
128,SMc01320,2.3430713628708
129,SMc01319,3.27668352172893
130,SMc01318,3.80818187505397
131,SMc01314,2.46585252636724
132,SMc01313,3.70362144444813
133,SMc01312,3.30706089722771
134,SMc01310,3.52464763487525
135,SMc01309,2.8383993787812
136,SMc01308,3.07174368815594
137,SMc01307,3.61808527655961
138,SMc01306,3.04923547557316
139,SMc01305,3.44205294068651
140,SMc01304,3.29806981338811
141,SMc01303,2.48686938065447
142,SMc01302,2.66568457061249
143,SMc01301,2.90308396059183
144,SMc01300,2.85277293714193
145,SMc01299,2.24915068698247
146,SMc01298,2.38162229466332
147,SMc01297,2.34827322357212
148,SMc01296,2.71720144025333
149,SMc01295,2.71449465101412
150,SMc01294,3.01704463651531
151,SMc01293,2.86913271668735
152,SMc01292,2.17225018723934
153,SMc01291,3.0651596283501
154,SMc01290,2.19059863858561
155,SMc01283,2.11762726332935
156,SMc01268,2.44030592457202
157,SMc01267,0.463735282510448
158,SMc01266,0.346320875760057
159,SMc01265,0.436565653840653
160,SMc01016,0.325604404183423
161,SMc01022,0.35954164051952
162,SMc01053,0.351293080534278
163,SMc02111,0.490869444110223
164,SMc02101,2.44163931401091
165,SMc02100,2.91263932259974
166,SMc02061,4.74408759466539
167,SMc02054,4.82607037681523
168,SMc02050,2.02380619446941
169,SMc02049,0.472851566724255
170,SMc01242,0.07114673136681
171,SMc01175,0.458898856528617
172,SMc00943,0.272162297497997
173,SMc00506,0.466367176965911
174,SMc00494,2.13730639152712
175,SMc00467,2.05221447710136
176,SMc00168,0.196079637735611
177,SMc00147,2.66485445094542
178,SMc00137,0.186926289171379
179,SMc04236,0.063239930613261
180,SMc04173,0.438543484599266
181,SMc04183,0.428412455745045
182,SMc04276,0.430083773076927
183,SMc04283,0.409541686572254
184,SMc04291,0.329888783960176
185,SMc04292,0.497287328135794
186,SMc04300,2.71440389059684
187,SMc04316,3.19414174942255
188,SMc04317,3.34559488653083
189,SMc04346,2.36945704150318
190,SMc01488,0.414977910737608
191,SMc01449,0.443968720433255
192,SMc01465,2.24126506435094
193,SMc05008,0.439916207664144
194,SMc01469,3.35312447735709
195,SMc01882,4.11925928819295
196,SMc01875,0.339040105532282
197,SMc01869,2.4211231707579
198,SMc01848,2.06735324273388
199,SMc01542,2.30867334800018
200,SMc01547,3.0342971726361
201,SMc01591,0.321170376599376
202,SMc02689,0.381196985871231
203,SMc02692,3.36674004004182
204,SMc02726,2.39730089519457
205,SMc02735,2.3303585570158
206,SMc01815,0.446131193805971
207,SMc01959,3.71709908507693
208,SMc01982,0.389162391638002
209,SMc01983,0.255601795537804
210,SMc01984,0.387334525376248
211,SMc01985,0.304160975034787
212,SMc02349,0.420342420743452
213,SMc02350,0.230940138289959
214,SMc02443,2.23301572233567
215,SMc04458,2.06785652502883
216,SMc00651,0.410659940011183
217,SMc00638,2.14460381502209
218,SMc03968,4.97038345473584
219,SMc03969,2.56596356277766
220,SMc03970,0.46906051253858
221,SMc03981,0.496263142616977
222,SMc03999,0.443671432879804
223,SMc04040,4.30808795617896
224,SMc04049,0.497769389454771
225,SMc04051,0.433064162306664
226,SMc04059,2.3716516790992
227,SMc03938,0.455232889554142
228,SMc03939,0.332915753449904
229,SMc03950,0.49687065139314
230,SMc03157,2.38142697001467
231,SMc03167,2.78520095655818
232,SMc03168,4.35956777943916
233,SMc03173,2.42156321493262
234,SMc03203,0.446809040201235
235,SMc03211,4.38194870418305
236,SMc03143,2.13507175141367
237,SMc03137,2.69270193219899
238,SMc03136,2.03358282082898
239,SMc03104,0.386833047246525
240,SMc03103,0.460475057101776
241,SMc03090,2.03981124099404
242,SMc04444,0.332200224872427
243,SMc02503,3.23496308646722
244,SMc02501,2.01294845911657
245,SMc02471,2.04492303314021
246,SMc02470,2.16011555324903
247,SMc02467,0.415561547813927
248,SMc03242,2.36920944393251
249,SMc03251,0.435506245361205
250,SMc03252,0.453506022565074
251,SMc03253,0.327956685441244
252,SMc03773,2.56104384491813
253,SMc03788,0.30310214122516
254,SMc03789,0.299825097017422
255,SMc03790,0.404848105355327
256,SMc03829,2.01505276524958
257,SMc03857,2.64149331358625
258,SMc03858,2.62367295329842
259,SMc03859,3.54108156245225
260,SMc03881,3.8993043340062
261,SMc02796,2.42423604304729
262,SM_b20013,0.47771214917251
263,SM_b20019,0.271812376254549
264,SM_b20079,0.326692359425175
265,SM_b20080,0.433625432627536
266,SM_b20096,0.376849711677007
267,SM_b20097,0.379605742484299
268,SM_b20098,0.409282416646939
269,SM_b20099,0.249723046620036
270,SM_b20100,0.248767042479704
271,SM_b20170,0.447007778048943
272,SM_b20194,0.23761583510588
273,SM_b20195,0.238815251046078
274,SM_b20196,0.240103714014043
275,SM_b20197,0.203271988187871
276,SM_b20198,0.126476262195736
277,SM_b20199,0.149969396255506
278,SM_b20200,0.145935983177745
279,SM_b20201,0.2809478246852
280,SM_b20202,0.228880694577953
281,SM_b20347,2.63853732650578
282,SM_b20359,0.394527710311069
283,SM_b20360,0.445192188507455
284,SM_b20495,0.242152499896361
285,SM_b20551,2.12846289179735
286,SM_b21096,2.26849936366587
287,SM_b21132,0.346200377992972
288,SM_b21133,0.32508694796234
289,SM_b21221,2.38560010792204
290,SM_b21257,2.61649510150397
291,SM_b21277,2.51958595447239
292,SM_b21284,2.90422684786157
293,SM_b21287,0.353716423044375
294,SM_b21294,4.04890645021144
295,SM_b21295,2.47233891432768
296,SM_b21174,3.35070968555053
297,SM_b21175,3.15846684704481
298,SM_b21176,2.16921544257209
299,SM_b21177,2.61076374640921
300,SM_b21188,0.366869857274797
301,SM_b21189,0.372835478895629
302,SM_b21190,0.317382046063827
303,SM_b21191,0.25711565708044
304,SM_b21207,3.93448920219543
305,SM_b21208,2.92504226525904
306,SM_b21346,2.51281648196335
307,SM_b21377,2.31717478000624
308,SM_b21556,0.394344782801953
309,SM_b21558,0.377846339910731
310,SM_b21566,5.64752960730339
311,SM_b22023,6.95197228663712
312,SM_b20943,0.434743304859102
313,SM_b20944,0.45489421633807
314,SM_b20946,0.410335398209055
315,SM_b20948,0.472925411922823
316,SM_b20954,0.298471922609033
317,SM_b20955,0.30670995509113
318,SM_b20956,0.287848405547548
319,SM_b20957,0.26595396135235
320,SM_b20958,0.195469849169218
321,SM_b20959,0.143265408860893
322,SM_b20960,0.131910943272652
323,SM_b20961,0.246775137850292
324,SM_b20991,0.269435460867301
325,SM_b20992,0.35672019437638
326,SM_b20846,0.444737820564284
327,SM_b20909,0.337771366845738
328,SM_b20910,0.31133459526281
329,SM_b21438,2.08729555442462
330,SM_b21440,0.226703760119608
331,SM_b21487,0.451270849913396
332,SM_b21488,0.373054947832988
333,SM_b21489,0.379996394214066
334,SM_b22024,0.367734509096078
335,SM_b21490,0.321944286944124
336,SM_b21494,2.90078540008802
337,SM_b21505,2.36304434295588
338,SM_b20647,2.9925304476169
339,SM_b20661,0.453866994030968
340,SM_b20705,2.78441692022296
341,SM_b20724,0.198562280055454
342,SM_b20725,0.199212063761215
343,SM_b20726,0.229634280486789
344,SM_b20748,0.428056316814206
345,SM_b20573,0.238029797639801
346,SM_b20600,0.4629532093902
347,SM_b20604,0.318501173911891
348,SM_b20605,0.287794834871233
349,SM_b20611,0.283721311955805
350,SMa0007,0.392787151664836
351,SMa0142,0.377149069334617
352,SMa0175,2.0365237836083
353,SMa0312,0.172888734192981
354,SMa0314,0.175935899368635
355,SMa0316,0.482451609622929
356,SMa0329,0.483369556332042
357,SMa0592,2.04471985284907
358,SMa0604,0.352113181939422
359,SMa0621,0.442002554305777
360,SMa0630,0.313597732923517
361,SMa0631,0.319381616676402
362,SMa0633,0.283022466157073
363,SMa0636,0.185255760149897
364,SMa0661,0.145585282483182
365,SMa0667,0.135495303380747
366,SMa0669,0.198135272346808
367,SMa0670,0.251205400460093
368,SMa0675,0.41444621316478
369,SMa0677,0.249961736525375
370,SMa0678,0.121748412839564
371,SMa0680,0.106332885034468
372,SMa0682,0.141392757734325
373,SMa0684,0.17512654238317
374,SMa0687,0.269931194111227
375,SMa0689,0.156524644101285
376,SMa0690,0.190217393033153
377,SMa0693,0.111963972880318
378,SMa0695,0.10568657200296
379,SMa0697,0.091931277817323
380,SMa0699,0.168213078845997
381,SMa0744,3.66805234478984
382,SMa0745,8.04671174289906
383,SMa0760,0.194839755635132
384,SMa0762,0.147673630210511
385,SMa0763,0.109795320667781
386,SMa0765,0.087730656883202
387,SMa0766,0.100132271809284
388,SMa0769,0.090755724468062
389,SMa0771,0.084660912103705
390,SMa0772,0.146524378793993
391,SMa0773,0.297578245296376
392,SMa0814,0.113827877863719
393,SMa0815,0.191177975696193
394,SMa0849,3.1047406907931
395,SMa0855,2.82801238048929
396,SMa0892,0.466966801872602
397,SMa1073,0.454045511121478
398,SMa1076,0.464977047229831
399,SMa1077,0.499362849875383
400,SMa1078,0.388431190234934
401,SMa1082,0.180049397630682
402,SMa1084,0.225902766531283
403,SMa1086,0.269085199745909
404,SMa1087,0.199615659204648
405,SMa1089,0.259430703845883
406,SMa1091,0.172050124600172
407,SMa1093,0.20501752210043
408,SMa1095,0.184606209106992
409,SMa1096,0.252008719859816
410,SMa1100,0.154586087609572
411,SMa1101,0.240534355695756
412,SMa1118,0.180789368596187
413,SMa1120,0.195313908803071
414,SMa1122,0.226330363121742
415,SMa1124,0.283035442138539
416,SMa1126,0.204813209418308
417,SMa1128,0.238468045751481
418,SMa1131,0.22810942561532
419,SMa1132,0.229321021071593
420,SMa1134,0.245178920272073
421,SMa1136,0.254971040530794
422,SMa1146,0.15921647629458
423,SMa1147,0.168983447185622
424,SMa1149,0.188471743143292
425,SMa1151,0.24004045171631
426,SMa1153,0.173661840007408
427,SMa1154,0.202854517874784
428,SMa1155,0.202663045453076
429,SMa1156,0.194944845456191
430,SMa1158,0.176778707165392
431,SMa1163,0.211465809419522
432,SMa1166,0.223584172239865
433,SMa1168,0.231989555058869
434,SMa1169,0.19386950896657
435,SMa1170,0.182509082993282
436,SMa1176,0.144331219979852
437,SMa1178,0.246422065341694
438,SMa1179,0.190618018359108
439,SMa1182,0.219824747542409
440,SMa1183,0.244626265783086
441,SMa1184,0.293801749939412
442,SMa1185,0.307798705437863
443,SMa1186,0.435303787221426
444,SMa1194,0.17984762050917
445,SMa1195,0.170476118902337
446,SMa1198,0.248601162534714
447,SMa1200,0.278101982240736
448,SMa1201,0.267239473359354
449,SMa1207,0.245654915245272
450,SMa1209,0.187757564334996
451,SMa1210,0.198477775348252
452,SMa1211,0.211327823843132
453,SMa1213,0.340769241956005
454,SMa1216,0.362367213930212
455,SMa1220,0.371288334239128
456,SMa1223,0.255986048121451
457,SMa1225,0.357877361455779
458,SMa1226,0.245173094624035
459,SMa1231,0.197520990589709
460,SMa1232,0.326918668312032
461,SMa1233,0.274487932394933
462,SMa1236,0.204890064898464
463,SMa1239,0.229813734126134
464,SMa1240,0.306836382558195
465,SMa1241,0.359118865789365
466,SMa1243,0.216366562349716
467,SMa1247,0.2484183030546
468,SMa1250,0.181654111282764
469,SMa1252,0.177462251795147
470,SMa1253,0.298686701348406
471,SMa1255,0.165236930310797
472,SMa1256,0.174639881423833
473,SMa1259,0.163541620157618
474,SMa1261,0.135452838165996
475,SMa1266,0.151685039125581
476,SMa1269,0.369815764924294
477,SMa1272,0.305091333699096
478,SMa1273,0.329433187419764
479,SMa1276,0.327281485335821
480,SMa1279,0.194649057200922
481,SMa1283,0.229977977401431
482,SMa1285,0.254618953558161
483,SMa1288,0.224740779152354
484,SMa1289,0.180890306826241
485,SMa1291,0.222701389396801
486,SMa1292,0.258288426480161
487,SMa1294,0.218817960197181
488,SMa1296,0.125064656156233
489,SMa1377,2.34518805397422
490,SMa1379,2.5627235012636
491,SMa5031,3.94620587513289
492,SMa1386,4.3834962081694
493,SMa1495,0.227792291637616
494,SMa1587,0.407846610101916
495,SMa1747,2.23717372116548
496,SMa1750,0.251448778473363
497,SMa1809,0.458348286752504
498,SMa1811,0.352222801101954
499,SMa1819,0.392759856439693
500,SMa1820,0.390944633163593
501,SMa1821,0.305240316980663
502,SMa1822,0.349220542387201
503,SMa2034,0.370936532514367
504,SMa2037,0.36765505061085
505,SMa5011,0.407145821706874
506,SMa2337,3.79611152091046
507,SMa2400,3.19957866941865
508,SMa2402,3.1961933409951
509,SMa2404,3.03069389092277
510,SMa2406,3.50622930147015
511,SMa2408,3.15189933521613
512,SMa2410,3.06919242853855
513,SMa2414,2.92519059980798
514,SMa2339,2.67580368495111
515,SMa2347,0.198685216830717
516,SMa2379,0.44966583491526
517,SMc01159,0.453256787017064
518,SMc02254,0.3941964147174
519,SMc02255,0.480230029375389
520,SMc00912,2.17473431923034
521,SMc00092,0.464756512992315
522,SMc00105,2.61702078743479
523,SMc02545,3.85683565745054
524,SMc01030,2.14618972172348
525,SMc01169,2.23822095841527
526,SMc04452,2.582950523767
527,SMc01652,2.73749325876793
528,SMc02350,0.415599184943004
529,SMc00640,2.09068087736733
530,SMc03201,2.16463780018218
531,SMc03211,2.6908598499894
532,SMc03137,2.10546474285335
533,SM_b20019,0.335022564822498
534,SM_b20020,2.265876651992
535,SM_b21284,2.67601428993214
536,SM_b21292,2.52244968263184
537,SM_b21691,0.419368284442083
538,SMa0677,0.460626904412345
539,SMa0678,0.435537135598724
540,SMa0687,0.499103118763402
541,SMa0697,0.432714742492356
542,SMa0699,0.420386479471486
543,SMa0745,2.33877059862707
544,SMa0771,0.449297492372459
545,SMa0814,0.428819078506013
546,SMa1185,0.43307482833439
547,SMa1186,0.460741711218836
548,SMa1188,0.47318608105436
549,SMc02178,2.79380435113792
550,SMc02240,0.459834281253362
551,SMc00591,2.14539418154258
552,SMc04288,2.37440989121325
553,SMc04290,2.1582625835265
554,SMc04293,2.59484770785596
555,SMc04294,2.52044691500342
556,SMc04301,2.49679545986956
557,SMc01592,0.499321643182284
558,SMc02346,0.496794185704363
559,SMc02350,0.482085357108247
560,SMc03167,13.2878476557803
561,SMc03168,11.0692793007816
562,SMc02513,4.35336023428289
563,SMc03824,3.46331426204131
564,SM_b21281,4.14831896931244
565,SM_b21284,3.52734969010247
566,SM_b21285,3.66171319765588
567,SM_b20724,0.24033342781155
568,SM_b20725,0.2445187828516
569,SM_b20726,0.215798923775415
570,SM_b21691,0.449247641537455
571,SMa0101,2.16132863952068
572,SMa0104,2.91150536255001
573,SMa0850,16.1134476221985
574,SMa0851,19.0216763618443
575,SMa0852,10.3192839626778
576,SMa0853,10.2958696960033
577,SMa0863,7.35676608857231
578,SMa0864,12.8440293252317
579,SMa0866,10.6380998333003
580,SMa0868,13.013215800636
581,SMa0869,17.2641895404049
582,SMa0875,2.15190806708818
583,SMa0876,2.70004941308094
584,SMa0878,2.08484624716491
585,SMc02575,3.19444850642934
586,SMc02576,2.56217038594686
587,SMc02615,0.338634003970431
588,SMc02854,0.446189224520902
589,SMc02857,2.23461255571158
590,SMc02868,2.73122643101385
591,SMc02890,2.27159758798205
592,SMc02911,3.10543940409702
593,SMc00320,2.27685967884426
594,SMc00324,2.42494330233115
595,SMc00332,2.29645031599611
596,SMc00335,3.11418265121035
597,SMc00353,0.477660738517953
598,SMc00362,2.23452082617805
599,SMc00365,2.19866367192685
600,SMc00371,0.480730846399378
601,SMc00397,2.16790643718928
602,SMc00399,2.09801326267706
603,SMc01160,0.232979894516287
604,SMc01159,0.19711202416467
605,SMc01142,2.19174605923705
606,SMc01106,3.08961888550619
607,SMc01104,4.15561476699185
608,SMc01095,2.29096130609369
609,SMc01092,2.38596874736205
610,SMc01720,2.20019517183552
611,SMc02171,2.51946417089672
612,SMc02156,0.273601510463335
613,SMc02254,0.086277056896117
614,SMc02255,0.099489776281908
615,SMc03004,7.90106255150851
616,SMc03006,10.6050731133608
617,SMc03007,7.57880700085689
618,SMc03009,6.99511735374916
619,SMc03010,3.84846261861445
620,SMc03011,2.82256496718876
621,SMc03012,2.39224754091572
622,SMc03014,13.6826096596687
623,SMc03017,2.58477571485025
624,SMc03019,9.41650417701622
625,SMc03020,7.69326103331761
626,SMc03021,10.9904032483571
627,SMc03022,14.1219840370618
628,SMc03023,16.4855076098059
629,SMc03024,23.5959331687947
630,SMc03025,13.1828264599944
631,SMc03026,10.6696159014965
632,SMc03027,15.3996166653816
633,SMc03028,24.075740537437
634,SMc03029,11.8991823226385
635,SMc03030,13.8734923175994
636,SMc03031,12.1808845298244
637,SMc03032,9.42006327160589
638,SMc03033,10.7792413594311
639,SMc03034,12.9004302274004
640,SMc03035,11.3708970042051
641,SMc03037,4.82602150068049
642,SMc03038,4.09360827275609
643,SMc03039,5.32960379348048
644,SMc03040,5.81409306264734
645,SMc03041,11.5823989210962
646,SMc03042,15.1874743073429
647,SMc03043,9.76446957339688
648,SMc03044,12.3724234675471
649,SMc03045,26.9938934488901
650,SMc03046,6.96379030533265
651,SMc03047,8.68720911549378
652,SMc03048,6.13718976490333
653,SMc03049,7.15903333295351
654,SMc03050,8.16443123656994
655,SMc03051,9.00526674604066
656,SMc03052,8.25076821789034
657,SMc03054,9.04741102647724
658,SMc03071,5.51894273084617
659,SMc03072,5.24332450567045
660,SMc03057,6.79562433532161
661,SMc00765,2.54604462703569
662,SMc00801,0.192417950868111
663,SMc00815,2.46055539750729
664,SMc00821,9.09414169652142
665,SMc00830,0.431824006557232
666,SMc00926,0.496923063566313
667,SMc00913,7.08412834004666
668,SMc00912,10.0191784671124
669,SMc00908,2.41539391590724
670,SMc00888,7.04464010824441
671,SMc00887,2.8500812575959
672,SMc00986,20.2522301024427
673,SMc00980,0.465119075464327
674,SMc00975,6.41717581456119
675,SMc00014,0.49833704151592
676,SMc00084,0.271659099409531
677,SMc00092,0.405190150456144
678,SMc00097,3.0183549506384
679,SMc00040,0.390788429065803
680,SMc00105,3.33964208973266
681,SMc00045,0.474825640015803
682,SMc00062,0.419662564156562
683,SMc02601,2.14938935645025
684,SMc02545,8.24941243523681
685,SMc00565,4.84446797861205
686,SMc00567,3.00133547804365
687,SMc00568,2.30095376887891
688,SMc00591,2.26611635337182
689,SMc00620,3.01974486930143
690,SMc01756,2.3679351634446
691,SMc01766,0.370768450444461
692,SMc01774,0.352575253583831
693,SMc01778,2.20362412569329
694,SMc01804,2.32690817033213
695,SMc01907,2.37672516098666
696,SMc01366,0.495003602197861
697,SMc01333,2.66572384586266
698,SMc01321,2.65649640052006
699,SMc01320,2.18970652370305
700,SMc01319,2.86249765433897
701,SMc01318,3.16305689205306
702,SMc01314,2.65197549756641
703,SMc01313,4.09015085967201
704,SMc01312,3.56429105717337
705,SMc01310,3.45834498432128
706,SMc01309,2.7228409003046
707,SMc01308,3.07966048972079
708,SMc01307,3.56033070342856
709,SMc01306,2.95313986658469
710,SMc01305,3.36709313691816
711,SMc01304,3.14983555697488
712,SMc01303,2.3629787821401
713,SMc01302,2.63299333420123
714,SMc01301,2.72892191098379
715,SMc01300,2.54778014885433
716,SMc01299,2.31802698117146
717,SMc01298,2.45840081615781
718,SMc01297,2.45759475129581
719,SMc01296,2.76577267298503
720,SMc01295,2.68095873369956
721,SMc01294,3.11675190004908
722,SMc01293,2.74499229558449
723,SMc01291,2.94909864253391
724,SMc01268,2.27141825050077
725,SMc01266,0.344330004452624
726,SMc01265,0.486793757977133
727,SMc01016,0.444905636742158
728,SMc01022,0.341393434124102
729,SMc01030,2.01108771197402
730,SMc02101,2.47005150003422
731,SMc02100,2.85455668251071
732,SMc02099,2.1301526353959
733,SMc02061,5.91281218516707
734,SMc02054,5.11357219939746
735,SMc02050,2.30936355114475
736,SMc02049,0.490722341255111
737,SMc01242,0.257226736985894
738,SMc01180,2.13229621531755
739,SMc00943,0.337354425801837
740,SMc00949,2.23055584284068
741,SMc00277,2.36201025105059
742,SMc00293,2.01711734835148
743,SMc00494,2.12262234042333
744,SMc00485,2.11695312122127
745,SMc00168,0.225261935289213
746,SMc00147,2.42419439755166
747,SMc00137,0.205992590059037
748,SMc04236,0.079230664651169
749,SMc04169,0.480929935592505
750,SMc04173,0.412436712758475
751,SMc04187,0.252587569472018
752,SMc04283,0.408895871050002
753,SMc04291,0.353080526440881
754,SMc04292,0.465459949323689
755,SMc04300,2.06835015361806
756,SMc04316,2.59613455916772
757,SMc04317,3.03780420479935
758,SMc04346,2.66781424718799
759,SMc01488,0.458184610708734
760,SMc01449,0.451397788321671
761,SMc01465,2.16792522976474
762,SMc01469,2.95276666580005
763,SMc01882,4.22701996060128
764,SMc01875,0.463859874327793
765,SMc01869,2.14454513074812
766,SMc01634,0.303883406075681
767,SMc01652,3.71876469436705
768,SMc01542,2.28906249933004
769,SMc01547,2.85837663464914
770,SMc01591,0.262744333022954
771,SMc02689,0.368693067769761
772,SMc02692,3.47729634055421
773,SMc02726,2.14850860907033
774,SMc02735,2.22219817100002
775,SMc01497,0.466382742570594
776,SMc01815,0.287579344605666
777,SMc01959,5.80972693253952
778,SMc01983,0.224975205498898
779,SMc01984,0.377126746311678
780,SMc01985,0.23054341646619
781,SMc02040,5.13134230143918
782,SMc02042,2.90687359410953
783,SMc02044,2.05779767386897
784,SMc02349,0.443144142218455
785,SMc02350,0.281109756024924
786,SMc02436,2.00985718214437
787,SMc02438,2.07983732640814
788,SMc02443,2.35692404568923
789,SMc00638,2.05140993555547
790,SMc03968,4.19567520052544
791,SMc03969,2.93587977159459
792,SMc04040,3.95033234329607
793,SMc04051,0.447227736749627
794,SMc04059,2.1648685084133
795,SMc03938,0.48136998468168
796,SMc03939,0.327353346581851
797,SMc03950,0.468770714097007
798,SMc02981,0.436009136539368
799,SMc03157,2.76540762226585
800,SMc03158,2.06220738069911
801,SMc03159,2.02512926939004
802,SMc03167,4.73034359006443
803,SMc03168,7.93873348109821
804,SMc03173,2.97908806538826
805,SMc03203,0.336252560342654
806,SMc03211,4.93147498286062
807,SMc03137,3.64372743760252
808,SMc03136,2.93446469513875
809,SMc03104,0.349256331522094
810,SMc04444,0.391812104635766
811,SMc02503,4.25973531727243
812,SMc02471,2.36058593678594
813,SMc02470,2.83470694983681
814,SMc03238,2.18537281627772
815,SMc03242,2.54329845038758
816,SMc03251,0.28554651693919
817,SMc03252,0.223558498097865
818,SMc03253,0.161199194616186
819,SMc03773,3.12389953722405
820,SMc03788,0.289459027215975
821,SMc03789,0.265954748507683
822,SMc03857,2.35818542920532
823,SMc03858,2.04268023562979
824,SMc03859,3.24409497521849
825,SMc03881,4.0257931394217
826,SMc03884,0.457056311119445
827,SMc02796,2.28616572683675
828,SMc02794,0.499910260743453
829,SM_b20019,0.177471205487976
830,SM_b20079,0.344023007373866
831,SM_b20096,0.267322069829705
832,SM_b20097,0.460960310335835
833,SM_b20098,0.261002010673882
834,SM_b20099,0.270685189879051
835,SM_b20100,0.283367988249345
836,SM_b20149,2.18836341636772
837,SM_b20170,0.474116404332635
838,SM_b20194,0.269066525887721
839,SM_b20195,0.258857259425543
840,SM_b20196,0.281801594520964
841,SM_b20197,0.243004867149192
842,SM_b20198,0.155898139605783
843,SM_b20199,0.179726509513874
844,SM_b20200,0.161307515838846
845,SM_b20201,0.274180291153383
846,SM_b20202,0.226128105632602
847,SM_b20347,2.88714988032033
848,SM_b20359,0.458288516770064
849,SM_b20360,0.431704585476302
850,SM_b20368,2.2762586806227
851,SM_b20409,0.467156326502051
852,SM_b20495,0.248700509629988
853,SM_b20551,2.03332613701772
854,SM_b21096,2.10060415608147
855,SM_b21113,2.04354585745441
856,SM_b21132,0.42951383987088
857,SM_b21133,0.436743780640338
858,SM_b21221,3.06177593015888
859,SM_b21225,0.486840683174761
860,SM_b21257,2.18004554233545
861,SM_b21273,2.04686682704853
862,SM_b21274,2.11924499809181
863,SM_b21277,2.4028534679885
864,SM_b21283,0.498904106711144
865,SM_b21287,0.231176495227669
866,SM_b21288,0.411972691347916
867,SM_b21293,0.438116443380301
868,SM_b21294,5.17484361971749
869,SM_b21295,2.84783434507974
870,SM_b21297,0.474877580277702
871,SM_b21174,2.9681285405251
872,SM_b21175,2.78625038338829
873,SM_b21188,0.259890668645859
874,SM_b21189,0.36458567388347
875,SM_b21190,0.341952711188777
876,SM_b21191,0.307320271836253
877,SM_b21207,2.73469113215338
878,SM_b21208,3.06225731809562
879,SM_b21346,2.58176614139221
880,SM_b21556,0.452243076012064
881,SM_b21566,7.26708930671878
882,SM_b22023,9.06852000412185
883,SM_b20943,0.442347387894406
884,SM_b20944,0.469019309254875
885,SM_b20946,0.464340160102141
886,SM_b20948,0.477116931692544
887,SM_b20954,0.257541907781943
888,SM_b20955,0.357904525241033
889,SM_b20956,0.322516139173754
890,SM_b20957,0.266960068327809
891,SM_b20958,0.206329788080839
892,SM_b20959,0.1559380243813
893,SM_b20960,0.166571518111748
894,SM_b20961,0.294197614771885
895,SM_b20991,0.231526965131182
896,SM_b20992,0.324012259987059
897,SM_b20846,0.45372460193944
898,SM_b20857,2.12439095351728
899,SM_b20910,0.425889892967504
900,SM_b21414,0.347454585992719
901,SM_b21438,2.34375023475616
902,SM_b21440,0.303045279259218
903,SM_b21487,0.445609775792956
904,SM_b21488,0.419633622969743
905,SM_b21489,0.474349834525056
906,SM_b21490,0.406534929172209
907,SM_b21491,0.444158422134465
908,SM_b21494,3.53356777833937
909,SM_b20647,2.61468448971212
910,SM_b20660,0.472872975557686
911,SM_b20661,0.494284919491791
912,SM_b20705,2.87568296110406
913,SM_b20710,0.4999002740385
914,SM_b20724,0.199572771411206
915,SM_b20725,0.158519450773888
916,SM_b20726,0.232920413952954
917,SM_b20748,0.410007970240182
918,SM_b20603,0.425861863938933
919,SM_b20604,0.250793991203092
920,SM_b20605,0.185023800040523
921,SM_b20611,0.341752176264772
922,SM_b21640,2.21137271323356
923,SMa0005,0.493489945422068
924,SMa0007,0.392987615327985
925,SMa0142,0.398250780696227
926,SMa0175,2.30195980581178
927,SMa0312,0.24009996244113
928,SMa0314,0.221693670036815
929,SMa0329,0.385811841504075
930,SMa0473,2.33539636198485
931,SMa0592,2.17886453260465
932,SMa0604,0.287118513275723
933,SMa0621,0.438460072320309
934,SMa0630,0.191869346807453
935,SMa0631,0.219731990912082
936,SMa0633,0.205861020838483
937,SMa0636,0.120710902415733
938,SMa0661,0.106877848039345
939,SMa0667,0.081535331134411
940,SMa0669,0.123439867795186
941,SMa0670,0.171391366678985
942,SMa0675,0.35629468291408
943,SMa0677,0.211327040755632
944,SMa0678,0.09712272523609
945,SMa0680,0.074261237556775
946,SMa0682,0.086476550969465
947,SMa0684,0.104120817264133
948,SMa0687,0.226819609377348
949,SMa0689,0.11732576692543
950,SMa0690,0.132911856210679
951,SMa0693,0.072222838931193
952,SMa0695,0.065035164669351
953,SMa0697,0.063986301003601
954,SMa0699,0.15459986418741
955,SMa0744,3.31315153712298
956,SMa0745,7.72701613238304
957,SMa0760,0.086148549921516
958,SMa0762,0.060059409845061
959,SMa0763,0.048728160645502
960,SMa0765,0.037385021216065
961,SMa0766,0.052025962361626
962,SMa0769,0.049044559779892
963,SMa0771,0.032050110409026
964,SMa0772,0.105633820967804
965,SMa0773,0.27623889932426
966,SMa0776,0.314220116581401
967,SMa0814,0.067831265074284
968,SMa0815,0.104575840687602
969,SMa0848,2.26344192713103
970,SMa0849,3.02642229801629
971,SMa0855,2.28874829930043
972,SMa1073,0.334229344479942
973,SMa1082,0.105097990282579
974,SMa1084,0.151843003415199
975,SMa1086,0.16399629818336
976,SMa1087,0.122993768061674
977,SMa1089,0.124880299625003
978,SMa1091,0.110575613516157
979,SMa1092,0.29844639037172
980,SMa1093,0.137213558607743
981,SMa1095,0.105929374784055
982,SMa1096,0.13235222201042
983,SMa1100,0.091389694176682
984,SMa1101,0.136950589005437
985,SMa1103,0.422628938253798
986,SMa1118,0.165743286537007
987,SMa1120,0.125620612337897
988,SMa1122,0.143141200246052
989,SMa1124,0.22663687258599
990,SMa1126,0.138434212745925
991,SMa1128,0.155025890096782
992,SMa1131,0.139553666208958
993,SMa1132,0.160244687398904
994,SMa1134,0.183050796081635
995,SMa1136,0.152708478702886
996,SMa1146,0.099251865357013
997,SMa1147,0.10503678480678
998,SMa1149,0.138112854394553
999,SMa1151,0.16224191665106
1000,SMa1153,0.115890588368678
1001,SMa1154,0.140439787159486
1002,SMa1155,0.142392307263231
1003,SMa1156,0.12317736178031
1004,SMa1158,0.110574023830015
1005,SMa1163,0.133782451274195
1006,SMa1166,0.141226727784915
1007,SMa1168,0.179737720416268
1008,SMa1169,0.119743060116164
1009,SMa1170,0.103944683420758
1010,SMa1176,0.099137691079238
1011,SMa1178,0.152763120342083
1012,SMa1179,0.096431462787099
1013,SMa1182,0.192116304665735
1014,SMa1183,0.206561191536675
1015,SMa1184,0.242442018790615
1016,SMa1185,0.257131581797019
1017,SMa1186,0.412522365671178
1018,SMa1188,0.472590061802246
1019,SMa1192,0.492401770377884
1020,SMa1194,0.093029094598476
1021,SMa1195,0.093984470737059
1022,SMa1198,0.180059915644405
1023,SMa1200,0.234154073426898
1024,SMa1201,0.18533748745318
1025,SMa1207,0.121486017018379
1026,SMa1208,0.42940544789745
1027,SMa1209,0.130170361079708
1028,SMa1210,0.129225303792863
1029,SMa1211,0.112493709484029
1030,SMa1213,0.261038094418347
1031,SMa1214,0.262718783306387
1032,SMa1216,0.291139380177819
1033,SMa1220,0.237034315898672
1034,SMa1223,0.11039408594965
1035,SMa1225,0.13980743269289
1036,SMa1226,0.150287777850293
1037,SMa1231,0.128366547390716
1038,SMa1232,0.307811230179625
1039,SMa1233,0.272764152210045
1040,SMa1236,0.201708664205531
1041,SMa1239,0.221969113053463
1042,SMa1240,0.180742378955612
1043,SMa1241,0.365804654709445
1044,SMa1243,0.15751368877232
1045,SMa1247,0.152127850200006
1046,SMa1250,0.171005855957873
1047,SMa1252,0.102681875114055
1048,SMa1253,0.297415455379927
1049,SMa1255,0.09545566798359
1050,SMa1256,0.127054012230729
1051,SMa1259,0.083697564738172
1052,SMa1261,0.069691581098367
1053,SMa1266,0.093441452462408
1054,SMa1269,0.279438260649966
1055,SMa1272,0.230566708728204
1056,SMa1273,0.227523874812276
1057,SMa1276,0.204851677074746
1058,SMa1279,0.089607240763322
1059,SMa1283,0.127846173699094
1060,SMa1285,0.128839292085376
1061,SMa1288,0.123766233299519
1062,SMa1289,0.074506260938844
1063,SMa1291,0.123465031404816
1064,SMa1292,0.151036796961002
1065,SMa1294,0.18802715617458
1066,SMa1296,0.075785287307513
1067,SMa1377,2.48482195322138
1068,SMa1379,2.98761122953304
1069,SMa5031,4.29488915520664
1070,SMa1386,4.93482974645363
1071,SMa1495,0.245553855853231
1072,SMa1538,0.467030860270885
1073,SMa1550,2.40147001824578
1074,SMa1587,0.44136627042626
1075,SMa1747,2.55812021484143
1076,SMa1750,0.325993467486338
1077,SMa1811,0.362080911333041
1078,SMa1821,0.400909274275444
1079,SMa1822,0.410489357570702
1080,SMa2000,2.65549519694955
1081,SMa2008,2.32526001315264
1082,SMa2034,0.42200084387355
1083,SMa2037,0.405365611911279
1084,SMa5011,0.366468098359047
1085,SMa2041,0.454075160951032
1086,SMa2215,2.1313298152321
1087,SMa2337,2.20989654763113
1088,SMa2406,2.15212822793797
1089,SMa2414,2.05478800789568
1090,SMa2347,3.09684176602714
