sample,id_gene,camp_lodi,camp_lut,camp_verb,lodi_lut,lodi_verb,lut_verb
1,SinmeB_0005,1377,1377,1377,1375,1375,316
2,SinmeB_0016,1375,316,247,1372,1372,90
3,SinmeB_0017,1372,90,310,316,197,441
4,SinmeB_0046,197,247,216,90,1354,139
5,SinmeB_0075,1354,441,725,197,1381,425
6,SinmeB_0078,247,310,655,1354,725,725
7,SinmeB_0080,1381,139,99,1381,142,284
8,SinmeB_0085,310,425,220,441,239,1300
9,SinmeB_0099,216,216,239,139,681,239
10,SinmeB_0103,655,284,389,425,431,389
11,SinmeB_0104,99,655,232,284,389,724
12,SinmeB_0108,142,99,642,1300,319,642
13,SinmeB_0112,220,1300,387,142,1352,300
14,SinmeB_0131,681,220,336,681,642,361
15,SinmeB_0151,431,724,257,431,299,387
16,SinmeB_0154,232,232,333,724,1279,336
17,SinmeB_0155,319,300,321,319,251,257
18,SinmeB_0162,1352,361,337,1352,1114,335
19,SinmeB_0163,299,335,411,299,424,179
20,SinmeB_0206,1279,179,184,1279,387,321
21,SinmeB_0212,251,333,1263,300,336,328
22,SinmeB_0214,1114,328,266,251,257,402
23,SinmeB_0220,424,337,289,361,229,411
24,SinmeB_0232,333,402,207,1114,321,184
25,SinmeB_0235,229,230,180,424,279,230
26,SinmeB_0238,279,238,223,335,411,238
27,SinmeB_0277,337,266,231,179,184,1263
28,SinmeB_0278,237,172,1264,229,1263,289
29,SinmeB_0279,266,1264,366,328,237,172
30,SinmeB_0285,178,478,380,279,289,207
31,SinmeB_0302,259,1262,211,402,207,180
32,SinmeB_0309,1264,380,367,230,180,223
33,SinmeB_0311,1732,234,660,238,178,231
34,SinmeB_0324,380,432,208,237,223,366
35,SinmeB_0329,263,367,265,172,231,211
36,SinmeB_0337,1388,1102,479,178,259,478
37,SinmeB_0344,186,208,404,259,366,1262
38,SinmeB_0349,175,435,1301,1732,1732,234
39,SinmeB_0350,367,404,434,263,263,432
40,SinmeB_0354,757,434,370,478,211,1102
41,SinmeB_0355,1686,1668,199,1262,1388,660
42,SinmeB_0356,208,1121,683,1388,186,265
43,SinmeB_0373,874,162,1121,186,175,479
44,SinmeB_0378,404,177,162,234,757,435
45,SinmeB_0380,434,365,177,432,660,1301
46,SinmeB_0381,444,668,668,175,1686,370
47,SinmeB_0382,1121,196,196,757,265,199
48,SinmeB_0395,1401,296,371,1102,479,1668
49,SinmeB_0398,162,371,430,1686,874,683
50,SinmeB_0399,177,1332,436,874,1301,365
51,SinmeB_0405,668,666,301,435,370,296
52,SinmeB_0406,196,322,1332,444,444,430
53,SinmeB_0420,134,1402,322,1668,199,436
54,SinmeB_0433,368,254,129,365,1401,301
55,SinmeB_0436,371,466,254,296,683,666
56,SinmeB_0437,1242,1685,219,134,134,129
57,SinmeB_0438,233,218,466,368,368,219
58,SinmeB_0439,1332,141,1685,1242,1242,1402
59,SinmeB_0442,322,204,191,1401,430,191
60,SinmeB_0445,254,185,141,233,436,218
61,SinmeB_0448,466,339,204,666,301,339
62,SinmeB_0452,452,222,185,1402,233,2038
63,SinmeB_0454,1396,369,2038,452,129,222
64,SinmeB_0461,1685,390,390,1396,219,369
65,SinmeB_0481,96,294,294,218,452,883
66,SinmeB_0487,201,298,298,96,1396,1390
67,SinmeB_0496,141,214,883,201,191,113
68,SinmeB_0516,204,143,1390,339,96,639
69,SinmeB_0538,185,304,113,222,201,214
70,SinmeB_0539,390,260,639,369,2038,1374
71,SinmeB_0541,518,480,1374,518,518,1483
72,SinmeB_0545,294,314,1483,338,883,143
73,SinmeB_0547,298,449,480,214,338,304
74,SinmeB_0548,338,192,314,217,1390,260
75,SinmeB_0553,217,487,253,502,113,253
76,SinmeB_0556,502,455,192,146,1105,449
77,SinmeB_0557,146,224,455,143,639,487
78,SinmeB_0558,1257,282,224,1257,217,80
79,SinmeB_0564,480,292,282,304,502,261
80,SinmeB_0568,314,674,80,260,1374,292
81,SinmeB_0572,225,268,261,225,146,674
82,SinmeB_0579,1105,1188,399,449,1483,399
83,SinmeB_0584,1698,61,249,1698,1257,268
84,SinmeB_0590,192,75,1188,487,225,249
85,SinmeB_0591,455,128,61,437,253,75
86,SinmeB_0613,224,210,671,37,1698,671
87,SinmeB_0620,437,421,297,1106,437,297
88,SinmeB_0635,282,376,117,292,37,117
89,SinmeB_0636,37,1253,317,182,80,1106
90,SinmeB_0637,182,903,325,674,261,128
91,SinmeB_0642,477,1106,403,1105,182,210
92,SinmeB_0643,1188,398,376,268,477,317
93,SinmeB_0644,61,312,395,477,399,325
94,SinmeB_0646,119,166,313,75,249,403
95,SinmeB_0648,381,1589,166,119,671,421
96,SinmeB_0654,163,158,1589,381,297,1253
97,SinmeB_0660,376,250,426,128,117,903
98,SinmeB_0669,364,135,504,210,119,395
99,SinmeB_0670,1641,1448,1394,163,381,398
100,SinmeB_0685,189,302,2071,421,317,312
101,SinmeB_0690,741,278,158,364,163,313
102,SinmeB_0701,1481,1117,1479,1641,325,426
103,SinmeB_0707,401,79,250,1253,403,504
104,SinmeB_0709,687,258,379,903,364,1394
105,SinmeB_0710,307,571,1448,189,1641,2071
106,SinmeB_0717,166,1149,277,741,189,1479
107,SinmeB_0718,1589,190,1236,1481,395,379
108,SinmeB_0725,295,228,121,401,741,135
109,SinmeB_0726,1250,1011,293,687,1481,277
110,SinmeB_0727,158,202,302,398,401,1236
111,SinmeB_0728,250,1379,278,307,687,121
112,SinmeB_0729,1448,236,1249,312,307,293
113,SinmeB_0730,302,116,1117,295,313,1249
114,SinmeB_0733,167,145,258,1250,426,79
115,SinmeB_0741,278,1387,571,135,295,418
116,SinmeB_0744,1736,400,1149,167,1250,646
117,SinmeB_0752,393,1480,418,1736,504,362
118,SinmeB_0759,1117,408,646,393,1394,190
119,SinmeB_0781,498,290,362,79,2071,1120
120,SinmeB_0786,258,415,1120,498,1479,203
121,SinmeB_0794,571,1306,228,1089,379,72
122,SinmeB_0804,1089,306,203,315,277,1386
123,SinmeB_0806,315,256,72,448,1236,202
124,SinmeB_0807,1149,264,1386,1270,121,281
125,SinmeB_0817,448,505,1011,190,293,1667
126,SinmeB_0818,1270,272,1379,885,167,116
127,SinmeB_0825,885,1935,281,205,1736,675
128,SinmeB_0827,228,1810,1667,291,393,176
129,SinmeB_0837,205,262,236,209,1249,165
130,SinmeB_0838,291,248,145,391,498,407
131,SinmeB_0860,209,1129,1387,1091,1089,1684
132,SinmeB_0861,391,1407,675,1416,315,256
133,SinmeB_0862,1011,396,400,202,448,264
134,SinmeB_0863,1091,684,176,685,418,383
135,SinmeB_0880,1416,88,1480,116,646,272
136,SinmeB_0882,1379,69,408,100,362,248
137,SinmeB_0884,685,363,165,673,1270,280
138,SinmeB_0885,236,280,290,397,885,71
139,SinmeB_0889,100,71,407,1688,1120,1726
140,SinmeB_0907,145,181,1684,1683,205,417
141,SinmeB_0910,1387,1726,415,271,291,438
142,SinmeB_0915,400,417,1306,372,209,682
143,SinmeB_0928,1480,438,306,564,203,324
144,SinmeB_0934,408,682,505,127,72,1330
145,SinmeB_0958,290,324,383,256,1386,457
146,SinmeB_0964,673,1104,1935,264,391,450
147,SinmeB_0973,397,1331,1810,255,1091,1245
148,SinmeB_0974,1688,274,262,272,1416,1413
149,SinmeB_0990,415,457,1129,412,685,879
150,SinmeB_0992,1683,318,1407,22,281,422
151,SinmeB_0993,271,1245,396,248,1667,309
152,SinmeB_1000,372,879,684,280,100,194
153,SinmeB_1001,1306,680,88,71,675,1669
154,SinmeB_1002,564,726,69,1726,176,120
155,SinmeB_1003,306,194,363,417,673,169
156,SinmeB_1004,127,120,181,438,397,308
157,SinmeB_1005,505,308,1104,682,165,195
158,SinmeB_1006,255,1266,1331,1272,1688,651
159,SinmeB_1012,1935,1309,1330,324,1683,1266
160,SinmeB_1013,412,1373,274,1355,407,144
161,SinmeB_1024,22,198,450,457,1684,1309
162,SinmeB_1031,1810,1384,318,1245,271,1373
163,SinmeB_1032,262,463,1413,879,372,98
164,SinmeB_1037,1129,1697,422,194,564,198
165,SinmeB_1038,1407,384,680,385,127,1384
166,SinmeB_1049,396,168,726,120,255,161
167,SinmeB_1050,684,183,309,331,383,663
168,SinmeB_1051,88,461,1669,1335,412,227
169,SinmeB_1052,69,423,169,308,22,1697
170,SinmeB_1053,363,678,195,377,1272,667
171,SinmeB_1054,181,330,651,1266,1355,215
172,SinmeB_1056,1272,1512,144,1309,1330,636
173,SinmeB_1057,1104,170,98,456,450,1809
174,SinmeB_1058,1355,1964,463,1373,1413,168
175,SinmeB_1059,1331,975,161,198,422,462
176,SinmeB_1069,274,453,663,221,309,183
177,SinmeB_1077,318,1096,227,1384,1669,461
178,SinmeB_1078,680,664,667,171,385,1376
179,SinmeB_1079,726,226,384,323,331,678
180,SinmeB_1080,385,1100,215,104,1335,500
181,SinmeB_1082,331,212,636,275,169,1512
182,SinmeB_1083,1335,112,1809,1697,195,1965
183,SinmeB_1084,377,174,462,460,377,1964
184,SinmeB_1085,456,459,1376,168,651,458
185,SinmeB_1087,221,503,423,183,144,453
186,SinmeB_1095,171,672,500,461,456,1116
187,SinmeB_1099,463,419,330,464,98,273
188,SinmeB_1100,323,443,170,678,221,1103
189,SinmeB_1114,104,1962,1965,267,171,226
190,SinmeB_1117,275,659,975,1512,161,329
191,SinmeB_1118,460,969,458,1964,323,112
192,SinmeB_1131,384,108,1096,453,663,109
193,SinmeB_1132,423,110,1116,111,104,503
194,SinmeB_1143,464,200,273,1945,227,305
195,SinmeB_1144,267,164,664,213,275,1418
196,SinmeB_1146,330,1733,1103,1963,460,1961
197,SinmeB_1150,170,1689,329,226,667,1347
198,SinmeB_1153,975,1687,1100,334,215,970
199,SinmeB_1154,1096,160,212,311,636,659
200,SinmeB_1160,111,51,174,112,1809,969
201,SinmeB_1162,664,1488,459,1463,462,1708
202,SinmeB_1164,1945,386,109,193,1376,108
203,SinmeB_1165,1963,1417,305,283,464,164
204,SinmeB_1172,213,1958,672,503,500,1733
205,SinmeB_1175,1100,1707,1418,968,267,1689
206,SinmeB_1176,334,57,1961,969,1965,1660
207,SinmeB_1177,1463,967,419,159,458,1687
208,SinmeB_1181,212,445,1347,659,111,51
209,SinmeB_1191,311,1436,443,327,1116,160
210,SinmeB_1204,193,1960,970,669,273,136
211,SinmeB_1205,174,320,1962,108,1945,125
212,SinmeB_1206,459,670,1708,1733,1963,35
213,SinmeB_1207,283,495,110,164,213,446
214,SinmeB_1208,672,1329,200,1689,1103,386
215,SinmeB_1213,968,67,1660,51,329,285
216,SinmeB_1214,419,59,136,1687,334,1417
217,SinmeB_1215,443,1944,125,160,1463,1734
218,SinmeB_1218,1962,114,1488,386,311,1707
219,SinmeB_1226,159,1808,35,1417,193,246
220,SinmeB_1234,327,126,446,1707,283,173
221,SinmeB_1235,669,286,285,1960,109,445
222,SinmeB_1236,110,1466,1958,445,305,1960
223,SinmeB_1237,200,288,1734,677,1961,320
224,SinmeB_1238,1488,1966,57,665,1418,670
225,SinmeB_1239,1958,1590,246,320,968,1924
226,SinmeB_1248,57,240,967,670,1347,623
227,SinmeB_1249,967,394,173,1959,970,52
228,SinmeB_1256,677,507,1436,1329,159,1329
229,SinmeB_1257,665,86,1924,495,327,495
230,SinmeB_1258,1436,971,623,420,669,67
231,SinmeB_1259,1959,1404,52,649,1708,59
232,SinmeB_1260,420,1610,95,972,1660,95
233,SinmeB_1261,649,1727,1796,303,125,1796
234,SinmeB_1262,972,1670,876,67,136,876
235,SinmeB_1263,303,728,1944,59,35,1808
236,SinmeB_1275,644,97,114,644,446,332
237,SinmeB_1277,1944,973,332,1808,1734,288
238,SinmeB_1278,1118,1620,126,1118,285,1590
239,SinmeB_1279,114,382,286,527,246,394
240,SinmeB_1289,126,1709,1466,658,665,507
241,SinmeB_1323,527,252,1966,1755,677,679
242,SinmeB_1324,658,1650,240,1590,173,86
243,SinmeB_1325,1755,55,971,288,623,1267
244,SinmeB_1326,286,1302,679,394,52,728
245,SinmeB_1327,1466,1612,1404,507,1959,157
246,SinmeB_1341,1966,1464,1610,86,1924,97
247,SinmeB_1355,240,1098,1727,115,972,973
248,SinmeB_1368,971,1484,1670,902,649,1620
249,SinmeB_1369,1404,1259,1267,728,420,454
250,SinmeB_1370,115,1451,157,973,303,382
251,SinmeB_1382,1610,645,454,1620,876,414
252,SinmeB_1385,1727,106,414,97,95,252
253,SinmeB_1388,902,1618,1709,2040,644,375
254,SinmeB_1389,1670,73,375,1122,1796,1099
255,SinmeB_1391,2040,515,1099,382,1118,55
256,SinmeB_1397,1122,137,1650,252,332,1705
257,SinmeB_1399,1623,378,1302,1623,658,974
258,SinmeB_1403,1709,152,974,514,1755,1642
259,SinmeB_1406,514,499,1705,1429,527,1098
260,SinmeB_1407,1650,53,1612,55,679,1621
261,SinmeB_1408,1302,1596,1464,89,115,56
262,SinmeB_1409,1429,276,1642,1700,902,1259
263,SinmeB_1411,89,118,1621,287,1267,1451
264,SinmeB_1414,1700,1431,1484,1098,157,581
265,SinmeB_1415,287,1478,56,1259,2040,562
266,SinmeB_1416,1612,105,581,82,1122,645
267,SinmeB_1419,1464,1470,562,1451,414,515
268,SinmeB_1427,1484,1651,106,107,454,378
269,SinmeB_1430,82,1215,1618,645,1623,1447
270,SinmeB_1431,107,1194,73,515,375,152
271,SinmeB_1434,1618,1649,1447,378,514,1378
272,SinmeB_1440,106,848,137,155,1099,499
273,SinmeB_1454,73,497,1378,152,974,147
274,SinmeB_1455,137,1115,147,499,1429,1078
275,SinmeB_1456,155,1150,1078,1671,1705,433
276,SinmeB_1459,1596,148,53,1485,89,276
277,SinmeB_1461,1671,1754,1596,276,1700,1487
278,SinmeB_1464,53,1776,433,587,287,105
279,SinmeB_1470,1485,1348,118,525,1621,1475
280,SinmeB_1471,118,586,1431,105,1642,1422
281,SinmeB_1474,587,1482,1487,1651,56,1695
282,SinmeB_1475,525,149,1478,1649,82,1651
283,SinmeB_1479,1431,1397,1470,1489,581,1649
284,SinmeB_1480,1478,156,1422,1474,107,1652
285,SinmeB_1481,1470,1459,1475,1115,562,1115
286,SinmeB_1482,1215,326,1695,151,1447,1611
287,SinmeB_1483,1194,1905,1215,1456,155,488
288,SinmeB_1484,1489,101,1194,66,1078,1469
289,SinmeB_1485,848,619,1652,1710,1378,1482
290,SinmeB_1490,497,622,848,1482,147,149
291,SinmeB_1495,1474,1490,497,149,1671,156
292,SinmeB_1497,1754,21,1150,1151,1485,1477
293,SinmeB_1498,1150,1425,1754,575,433,1614
294,SinmeB_1499,148,884,148,1923,587,101
295,SinmeB_1502,1776,1749,1611,1778,525,1617
296,SinmeB_1504,151,676,488,156,1487,622
297,SinmeB_1511,1456,2072,1776,2073,1422,153
298,SinmeB_1512,66,1879,1348,101,1695,1490
299,SinmeB_1523,1348,1455,1469,622,1475,1425
300,SinmeB_1524,586,1454,586,1425,1652,1749
301,SinmeB_1525,1710,1382,1397,1490,1489,1491
302,SinmeB_1528,1151,1423,1459,1749,1474,1525
303,SinmeB_1532,1397,447,326,138,1611,1454
304,SinmeB_1533,1459,1622,1905,1454,488,140
305,SinmeB_1547,575,81,1477,1382,151,585
306,SinmeB_1550,1778,1419,1614,83,1456,904
307,SinmeB_1553,1923,1608,619,1673,1469,1382
308,SinmeB_1556,326,584,1617,1608,66,1539
309,SinmeB_1557,1905,83,884,940,1710,529
310,SinmeB_1559,2073,1288,153,584,1151,512
311,SinmeB_1560,619,1449,21,1460,1778,83
312,SinmeB_1561,884,451,676,1449,1923,1608
313,SinmeB_1562,676,1323,1491,1323,575,1603
314,SinmeB_1566,21,1486,1525,1444,2073,1235
315,SinmeB_1570,2072,1653,2072,1486,1477,584
316,SinmeB_1571,1455,939,1879,1619,1614,1757
317,SinmeB_1572,1879,2039,1455,1677,1617,1449
318,SinmeB_1575,138,1442,585,1661,153,700
319,SinmeB_1576,1423,1662,140,1615,1491,1323
320,SinmeB_1582,1622,1473,904,1097,1525,1486
321,SinmeB_1583,447,1462,1423,1442,138,1458
322,SinmeB_1584,81,2041,1539,1662,585,1472
323,SinmeB_1585,1673,1421,529,1437,904,1442
324,SinmeB_1590,940,1537,447,1536,1539,1662
325,SinmeB_1592,1419,1495,1622,2041,140,2042
326,SinmeB_1593,1460,648,81,1395,529,1403
327,SinmeB_1594,1288,36,512,1421,512,1784
328,SinmeB_1602,451,652,1419,1516,940,2041
329,SinmeB_1604,1444,150,1603,952,1757,1289
330,SinmeB_1610,1619,1141,1235,1915,1673,1553
331,SinmeB_1611,1653,513,1757,1537,1460,1421
332,SinmeB_1624,1677,594,1288,1495,1603,950
333,SinmeB_1635,1615,1087,700,1578,1235,1239
334,SinmeB_1636,2039,1775,451,1061,700,1140
335,SinmeB_1637,1661,427,1458,1806,1458,755
336,SinmeB_1638,939,1506,1653,1035,1444,1107
337,SinmeB_1646,1097,2015,2039,797,1619,998
338,SinmeB_1650,1437,1058,939,922,1677,1537
339,SinmeB_1654,1473,1750,1472,1318,1615,1495
340,SinmeB_1668,1462,9,2042,1719,1661,799
341,SinmeB_1674,1536,1457,1473,1441,1472,18
342,SinmeB_1677,1395,1299,1462,1319,1097,1509
343,SinmeB_1681,1516,1656,1403,1775,1437,966
344,SinmeB_1682,648,1201,1553,440,2042,537
345,SinmeB_1683,652,1743,648,698,1403,1761
346,SinmeB_1684,36,1280,652,1126,1536,1775
347,SinmeB_1685,427,613,36,1492,1395,570
348,SinmeB_1686,150,551,150,1665,1516,1014
349,SinmeB_1687,1319,1113,427,1597,1553,630
350,SinmeB_1688,440,524,1509,2055,1509,1630
351,SinmeB_1689,1492,1498,630,845,440,954
352,SinmeB_1690,1597,605,1784,1457,1319,1457
353,SinmeB_1691,2055,501,551,1656,630,977
354,SinmeB_1692,551,977,1289,1201,1492,1656
355,SinmeB_1693,501,1233,1141,976,1597,1201
356,SinmeB_1694,1453,65,950,1019,2055,1029
357,SinmeB_1695,1498,723,1239,1453,952,847
358,SinmeB_1697,952,1584,1498,841,1915,20
359,SinmeB_1699,1915,1535,501,2048,1578,710
360,SinmeB_1703,524,2048,513,1233,1061,2048
361,SinmeB_1715,1584,1664,524,1027,1806,554
362,SinmeB_1747,1554,20,594,1554,1035,1066
363,SinmeB_1748,1578,1461,1140,2050,797,573
364,SinmeB_1749,1061,871,755,926,1453,1233
365,SinmeB_1750,1535,756,1087,33,922,742
366,SinmeB_1751,2053,574,1107,26,1318,410
367,SinmeB_1752,1806,1066,998,2,1719,692
368,SinmeB_1753,1035,1430,1584,2053,1554,1461
369,SinmeB_1756,797,549,799,712,1441,1500
370,SinmeB_1757,922,991,1506,409,698,1086
371,SinmeB_1758,1538,778,1535,1461,1126,919
372,SinmeB_1759,1318,1586,2015,93,1665,1534
373,SinmeB_1765,1719,590,1058,1538,1784,618
374,SinmeB_1766,1441,742,1750,549,2053,1283
375,SinmeB_1767,698,1544,9,1430,1289,702
376,SinmeB_1775,1126,122,1500,977,1283,1430
377,SinmeB_1776,1665,410,18,1586,845,1552
378,SinmeB_1784,122,1797,1299,1544,1538,858
379,SinmeB_1797,845,1510,1283,62,950,549
380,SinmeB_1802,1141,919,966,1510,1239,818
381,SinmeB_1803,513,1261,1534,20,1500,1586
382,SinmeB_1808,594,702,537,1616,1534,634
383,SinmeB_1826,1087,1552,1761,206,1140,1090
384,SinmeB_1849,1514,858,570,749,755,1544
385,SinmeB_1850,976,818,1014,1066,1742,1609
386,SinmeB_1851,1019,206,122,10,1107,1742
387,SinmeB_1852,1506,1088,1742,1514,998,2037
388,SinmeB_1871,1774,925,1609,705,1738,717
389,SinmeB_1876,2015,1090,1743,1493,1428,1428
390,SinmeB_1877,1058,1616,1280,809,799,1510
391,SinmeB_1878,1513,1493,613,1774,976,1738
392,SinmeB_1888,1750,2037,1630,742,1019,961
393,SinmeB_1900,841,521,1428,1654,1609,819
394,SinmeB_1901,1550,1654,1113,410,841,949
395,SinmeB_1907,1548,717,1738,556,1027,962
396,SinmeB_1908,1027,1513,954,1059,18,1069
397,SinmeB_1910,9,961,605,413,966,547
398,SinmeB_1931,1299,949,65,1438,537,793
399,SinmeB_1932,2050,943,1898,1548,1514,206
400,SinmeB_1934,926,693,723,919,2050,1502
401,SinmeB_1959,1532,1069,1029,702,1761,1616
402,SinmeB_1960,33,1153,1664,1552,926,48
403,SinmeB_1961,26,790,847,858,1898,1855
404,SinmeB_1970,2,555,710,628,33,589
405,SinmeB_1971,712,1550,1513,1532,26,1747
406,SinmeB_1972,409,1438,871,818,2,1898
407,SinmeB_1977,1706,1502,756,918,570,1493
408,SinmeB_1981,428,48,574,47,712,929
409,SinmeB_1995,1743,413,1550,1090,409,807
410,SinmeB_1996,1280,1747,554,1072,1014,920
411,SinmeB_2010,93,1038,573,428,1774,546
412,SinmeB_2017,613,929,991,1903,93,1654
413,SinmeB_2023,1113,1015,778,2037,1630,561
414,SinmeB_2024,1501,546,590,1503,1548,1831
415,SinmeB_2033,605,561,1518,805,954,2070
416,SinmeB_2034,65,1741,692,717,1532,413
417,SinmeB_2037,723,1831,1706,813,1518,31
418,SinmeB_2038,62,2070,1797,961,428,588
419,SinmeB_2039,1664,588,1086,949,62,696
420,SinmeB_2040,871,1706,618,1069,1029,1438
421,SinmeB_2044,756,1503,2045,1502,847,1579
422,SinmeB_2046,574,1903,1261,48,710,1518
423,SinmeB_2047,749,895,1501,1786,2045,695
424,SinmeB_2066,10,1579,1088,1747,749,496
425,SinmeB_2067,705,1501,925,929,1598,1903
426,SinmeB_2082,991,559,634,546,554,1503
427,SinmeB_2088,778,748,1598,6,10,2045
428,SinmeB_2089,590,695,1530,561,573,1763
429,SinmeB_2090,1511,1587,521,1310,705,94
430,SinmeB_2091,1607,917,1549,1831,1530,569
431,SinmeB_2094,809,640,819,2070,809,1598
432,SinmeB_2095,556,697,943,1613,556,2051
433,SinmeB_2099,1059,1310,693,588,1059,1530
434,SinmeB_2117,1507,1613,962,1008,692,1787
435,SinmeB_2136,154,715,547,1508,1549,1988
436,SinmeB_2146,1797,1922,1153,1728,2023,625
437,SinmeB_2153,1599,1075,790,1579,1086,743
438,SinmeB_2154,1261,103,555,708,618,718
439,SinmeB_2161,837,1763,793,614,628,1549
440,SinmeB_2169,1088,1508,1855,2019,918,1310
441,SinmeB_2177,628,94,589,1254,47,826
442,SinmeB_2178,918,569,1038,695,634,1613
443,SinmeB_2183,925,1511,2023,617,1072,1032
444,SinmeB_2186,47,2051,1015,1507,1494,1112
445,SinmeB_2187,1072,1607,1511,1779,1507,1508
446,SinmeB_2204,521,1787,807,528,523,558
447,SinmeB_2207,805,1988,1607,857,729,2023
448,SinmeB_2208,813,625,920,1465,805,1255
449,SinmeB_2213,943,154,1741,837,813,1156
450,SinmeB_2214,693,1779,31,1763,819,1779
451,SinmeB_2217,1153,816,696,94,962,750
452,SinmeB_2221,790,826,1494,569,837,1494
453,SinmeB_2222,555,1032,154,2051,547,601
454,SinmeB_2223,1786,1599,729,1787,476,729
455,SinmeB_2240,1038,528,895,1988,793,68
456,SinmeB_2248,1015,1465,523,625,1786,528
457,SinmeB_2249,2046,1068,1599,826,1855,523
458,SinmeB_2250,6,1255,559,1032,1515,1465
459,SinmeB_2251,1741,1071,748,2069,589,1062
460,SinmeB_2252,1542,1785,1515,1582,807,476
461,SinmeB_2254,1008,808,476,1255,920,1515
462,SinmeB_2255,1728,750,1587,1542,6,2075
463,SinmeB_2256,895,1290,496,522,45,803
464,SinmeB_2257,559,1054,917,750,31,1788
465,SinmeB_2258,708,1062,640,374,696,45
466,SinmeB_2260,614,1030,697,960,1008,34
467,SinmeB_2261,1533,1582,45,853,1728,1582
468,SinmeB_2262,2019,2046,715,1533,708,798
469,SinmeB_2263,748,34,1922,543,614,1594
470,SinmeB_2268,1254,374,1075,821,1594,235
471,SinmeB_2270,617,798,103,1062,235,1450
472,SinmeB_2271,2043,1,235,727,2019,23
473,SinmeB_2274,1587,2043,743,34,1254,374
474,SinmeB_2275,917,1018,2046,2047,617,1773
475,SinmeB_2279,640,23,718,1605,1542,540
476,SinmeB_2280,697,15,1594,1517,1450,989
477,SinmeB_2291,857,540,816,798,496,709
478,SinmeB_2316,1108,1108,1450,1055,857,713
479,SinmeB_2327,715,989,1112,1593,1773,14
480,SinmeB_2330,1922,709,1773,875,1533,850
481,SinmeB_2344,1075,1517,558,23,743,1729
482,SinmeB_2345,103,713,1068,733,718,1383
483,SinmeB_2346,1605,14,1071,701,2047,1517
484,SinmeB_2347,1777,1777,1785,540,1605,1783
485,SinmeB_2348,2047,1691,1156,565,2069,1070
486,SinmeB_2349,1691,850,808,989,1112,1593
487,SinmeB_2387,816,1729,2043,709,1383,1753
488,SinmeB_2388,2069,1593,1290,713,558,24
489,SinmeB_2401,1068,534,601,14,1156,875
490,SinmeB_2402,1071,875,1054,568,522,839
491,SinmeB_2403,1785,470,68,1265,601,565
492,SinmeB_2405,808,565,1108,1499,68,1476
493,SinmeB_2406,1265,1783,1383,850,960,545
494,SinmeB_2407,1290,1496,1777,992,853,923
495,SinmeB_2408,522,1531,1030,1729,543,965
496,SinmeB_2433,1499,1125,2075,1496,821,519
497,SinmeB_2438,1054,923,1691,1154,1476,532
498,SinmeB_2441,960,965,803,1551,1265,1496
499,SinmeB_2447,853,519,1788,1783,2075,1155
500,SinmeB_2448,543,532,1,720,727,8
501,SinmeB_2449,821,1155,1476,730,1499,867
502,SinmeB_2450,1531,1273,1018,1768,803,1147
503,SinmeB_2451,1551,856,15,1076,1788,776
504,SinmeB_2472,1030,951,1531,1527,1551,754
505,SinmeB_2477,727,473,534,923,1055,1189
506,SinmeB_2485,1527,1281,470,965,1527,985
507,SinmeB_2494,1055,133,473,519,733,811
508,SinmeB_2501,1,542,1070,1285,701,442
509,SinmeB_2538,473,1147,1753,532,568,580
510,SinmeB_2563,1018,776,24,1155,1285,2014
511,SinmeB_2564,15,754,442,1581,992,1752
512,SinmeB_2583,733,985,839,1545,442,1056
513,SinmeB_2596,701,580,1125,1147,1581,1693
514,SinmeB_2604,1285,627,545,776,1154,635
515,SinmeB_2652,1581,1693,1273,754,720,1017
516,SinmeB_2661,568,1752,8,1693,730,608
517,SinmeB_2687,992,1034,856,985,1070,765
518,SinmeB_2712,1545,1133,951,13,1753,553
519,SinmeB_2720,1154,1056,867,580,1768,1336
520,SinmeB_2723,534,46,1281,1336,1076,533
521,SinmeB_2724,470,1336,133,1585,1545,1497
522,SinmeB_2725,720,635,542,1346,24,1541
523,SinmeB_2728,730,1346,1189,716,839,1033
524,SinmeB_2756,1768,744,1497,1526,545,1346
525,SinmeB_2758,1076,1187,1541,1187,8,1526
526,SinmeB_2772,1585,567,811,1752,1585,1187
527,SinmeB_2780,1125,553,627,1056,1497,1452
528,SinmeB_2785,1273,1526,1452,869,1541,1020
529,SinmeB_2786,856,32,1675,829,867,721
530,SinmeB_2801,951,869,2014,635,1189,869
531,SinmeB_2808,1281,1892,1034,825,1452,1625
532,SinmeB_2817,133,921,64,583,1675,1675
533,SinmeB_2819,542,1020,1133,475,13,854
534,SinmeB_2820,1600,475,46,553,811,1979
535,SinmeB_2834,13,1979,1600,737,64,1132
536,SinmeB_2835,627,721,1017,606,716,1205
537,SinmeB_2837,373,1600,744,1782,2014,475
538,SinmeB_2845,1543,1852,608,1540,373,64
539,SinmeB_2846,1872,854,765,1020,1872,1764
540,SinmeB_2847,716,820,567,373,1519,612
541,SinmeB_2850,1758,1540,32,1979,829,1904
542,SinmeB_2853,1781,1782,533,1872,825,927
543,SinmeB_2854,1034,1543,1543,1826,1017,1782
544,SinmeB_2855,1333,1894,1033,1000,583,1540
545,SinmeB_2856,1133,1904,1519,721,608,1036
546,SinmeB_2864,46,927,1892,1894,765,993
547,SinmeB_2898,58,1110,921,1199,1333,777
548,SinmeB_2920,829,1758,1758,854,737,2031
549,SinmeB_2928,825,1781,1781,1333,533,1519
550,SinmeB_2939,744,1036,1205,1674,58,1894
551,SinmeB_2947,583,993,1625,2062,1033,1313
552,SinmeB_2952,567,2031,1852,58,606,566
553,SinmeB_2961,32,1674,1132,1904,1205,1869
554,SinmeB_2965,737,1869,820,927,1826,1712
555,SinmeB_2967,1520,1313,1764,1897,1000,1002
556,SinmeB_2968,1892,1712,612,1036,1199,1674
557,SinmeB_2991,606,1897,1520,993,1625,843
558,SinmeB_2997,921,1800,1110,2031,2062,1800
559,SinmeB_2999,2062,1520,777,1869,1132,1897
560,SinmeB_3001,1199,1546,566,1546,1764,758
561,SinmeB_3004,1826,1308,1807,1313,612,1546
562,SinmeB_3014,1000,758,1002,1308,777,978
563,SinmeB_3028,1852,1807,2049,1712,1207,1308
564,SinmeB_3031,820,17,843,1004,566,1136
565,SinmeB_3037,1807,772,102,1207,1004,17
566,SinmeB_3043,2049,2049,978,791,102,772
567,SinmeB_3045,1110,1735,1252,1800,1002,924
568,SinmeB_3046,1207,468,1735,758,843,1252
569,SinmeB_3052,1424,629,1136,595,791,714
570,SinmeB_3058,1004,1994,1631,17,1424,468
571,SinmeB_3070,1631,911,924,772,1252,629
572,SinmeB_3079,791,1602,1202,1424,978,1528
573,SinmeB_3082,1202,1220,714,1602,595,102
574,SinmeB_3087,1735,1631,1528,468,1136,911
575,SinmeB_3092,16,812,1160,1678,1160,1577
576,SinmeB_3125,595,1202,1971,629,16,1994
577,SinmeB_3126,1357,1878,1878,1994,924,1220
578,SinmeB_3127,1678,1137,1874,16,714,1971
579,SinmeB_3128,1243,1976,812,911,1357,1874
580,SinmeB_3130,1878,1135,1577,1220,1678,1602
581,SinmeB_3139,1772,1993,1137,1357,1528,1135
582,SinmeB_3145,1823,1836,1813,1823,1971,1021
583,SinmeB_3150,1976,12,1976,1633,1874,1813
584,SinmeB_3162,833,1633,188,1952,1243,1160
585,SinmeB_3163,1952,1269,1993,1135,1780,508
586,SinmeB_3164,812,1817,1780,1269,1577,880
587,SinmeB_3169,1137,1857,1021,1243,1772,188
588,SinmeB_3184,1993,1718,1836,1134,1813,1633
589,SinmeB_3191,1065,1956,508,1065,1823,2018
590,SinmeB_3196,1817,429,2018,429,1952,1269
591,SinmeB_3199,1836,1206,1817,1772,188,731
592,SinmeB_3201,1718,1696,880,1303,833,1780
593,SinmeB_3202,1858,1303,1718,833,1065,429
594,SinmeB_3204,1857,731,12,1858,1021,1303
595,SinmeB_3205,1134,1860,1857,70,1134,2022
596,SinmeB_3206,1191,2022,1956,1899,2018,958
597,SinmeB_3208,1956,1980,1248,1158,1248,1111
598,SinmeB_3209,531,1843,1696,1896,508,1682
599,SinmeB_3211,1696,1703,1206,731,880,1974
600,SinmeB_3212,1896,1682,1860,2022,1858,1899
601,SinmeB_3214,12,1899,1980,1740,1191,938
602,SinmeB_3219,1860,1111,1703,471,1896,1248
603,SinmeB_3221,1284,1841,1843,1191,531,1841
604,SinmeB_3222,1206,1701,1974,1682,70,1574
605,SinmeB_3224,1980,1064,1574,1694,1740,633
606,SinmeB_3225,1740,1399,1284,531,1158,1063
607,SinmeB_3230,70,1913,1064,1841,471,1701
608,SinmeB_3243,471,633,1934,1111,1634,1399
609,SinmeB_3244,1694,1819,958,1701,1974,1934
610,SinmeB_3247,1703,1440,1634,607,1694,1913
611,SinmeB_3248,1843,1859,2012,1399,1574,842
612,SinmeB_3249,1158,607,1440,1913,1934,1936
613,SinmeB_3250,1064,842,1240,539,1012,1819
614,SinmeB_3252,1766,686,1985,1012,958,823
615,SinmeB_3255,1012,1970,1950,1819,1766,1950
616,SinmeB_3256,1432,795,1936,633,2012,1985
617,SinmeB_3277,1440,1284,686,1432,1432,2012
618,SinmeB_3289,610,2061,938,610,1240,1859
619,SinmeB_3292,686,1851,1975,1859,1985,1975
620,SinmeB_3300,1655,2076,1883,1655,610,1240
621,SinmeB_3301,1970,1680,1970,842,1950,846
622,SinmeB_3316,2076,846,1063,795,1936,1883
623,SinmeB_3317,1902,1918,1820,2061,1655,795
624,SinmeB_3355,539,1657,2076,557,539,607
625,SinmeB_3367,1680,959,1713,1722,1975,2061
626,SinmeB_3397,1989,1834,1947,1851,938,1851
627,SinmeB_3400,1237,557,1680,1902,1883,1713
628,SinmeB_3401,1977,1722,823,1766,1063,1820
629,SinmeB_3409,1771,1989,1918,846,1820,815
630,SinmeB_3423,1918,1411,1657,1977,1902,1947
631,SinmeB_3430,1146,131,1989,1834,1947,243
632,SinmeB_3437,1411,1723,1411,1146,1713,1834
633,SinmeB_3456,1657,1862,959,131,823,1634
634,SinmeB_3457,1626,915,1723,1626,1977,915
635,SinmeB_3521,1723,530,815,1345,1146,131
636,SinmeB_3549,779,1159,530,873,1237,557
637,SinmeB_3557,530,1312,1410,694,1626,1722
638,SinmeB_3558,1840,596,1109,1909,779,596
639,SinmeB_3584,1380,1085,243,1862,815,1862
640,SinmeB_3585,1547,1415,1996,779,1410,1109
641,SinmeB_3586,959,1345,1771,1159,1840,1312
642,SinmeB_3605,1415,873,1415,1840,1109,1159
643,SinmeB_3612,1995,1937,1925,1312,243,1410
644,SinmeB_3617,1929,1925,1814,915,1909,1996
645,SinmeB_3621,1925,1814,1398,1929,694,1085
646,SinmeB_3622,1814,2020,1937,1085,1328,2020
647,SinmeB_3650,1398,1398,1804,596,1996,1345
648,SinmeB_3665,1909,1804,1380,2020,1929,873
649,SinmeB_3666,694,1389,1328,1237,1900,187
650,SinmeB_3682,1937,187,1930,1583,1995,1389
651,SinmeB_3697,1833,1946,1547,1389,1833,1930
652,SinmeB_3713,1804,704,704,1830,1830,1946
653,SinmeB_3725,1830,1771,1900,187,1930,1842
654,SinmeB_3726,704,1583,1842,1833,1523,1292
655,SinmeB_3732,1523,1292,1951,882,882,1583
656,SinmeB_3734,245,662,1293,1946,1842,1812
657,SinmeB_3740,1291,1812,42,1292,245,662
658,SinmeB_3745,1672,1951,1871,1523,1291,1293
659,SinmeB_3746,1277,1380,1294,662,1293,1392
660,SinmeB_3759,1951,1392,19,245,42,42
661,SinmeB_3760,1321,1871,1124,1995,1716,1328
662,SinmeB_3788,582,1547,1277,1812,1893,1769
663,SinmeB_3791,1893,1769,1672,1716,868,1162
664,SinmeB_3792,1716,1162,1446,1291,1746,2013
665,SinmeB_3793,882,1294,1321,1893,1601,1900
666,SinmeB_3794,1580,19,732,1392,1580,1124
667,SinmeB_3801,868,2013,582,868,1124,1524
668,SinmeB_3802,1601,1524,1816,1769,1276,732
669,SinmeB_3803,1746,1446,1353,1746,732,1816
670,SinmeB_3804,1871,1353,1676,1162,1816,346
671,SinmeB_3809,1294,999,909,2013,1848,2021
672,SinmeB_3814,526,1676,2021,1524,2021,806
673,SinmeB_3817,19,806,526,1276,1246,982
674,SinmeB_3831,1446,909,999,1848,641,1717
675,SinmeB_3864,1276,1672,92,1580,2036,1060
676,SinmeB_3865,1353,1277,657,806,1287,1861
677,SinmeB_3866,1676,582,1715,1601,1711,1939
678,SinmeB_3867,909,1321,1246,1060,984,1588
679,SinmeB_3868,1848,1060,1260,2036,346,1811
680,SinmeB_3874,1260,1717,484,641,1811,1573
681,SinmeB_3875,641,1861,346,984,241,1815
682,SinmeB_3876,2036,657,1811,241,1990,722
683,SinmeB_3882,92,1715,1588,1717,552,1849
684,SinmeB_3883,657,92,982,1861,1234,2030
685,SinmeB_3888,1715,484,1928,1204,1588,1928
686,SinmeB_3931,484,1939,722,1711,771,834
687,SinmeB_3934,999,526,340,771,1928,1721
688,SinmeB_3947,1711,1573,2068,1990,722,2068
689,SinmeB_3948,552,2030,1287,1939,340,1405
690,SinmeB_3949,1990,1815,1721,1286,982,1204
691,SinmeB_3950,1219,1204,1338,552,2068,1821
692,SinmeB_3961,984,834,1856,1573,1219,1955
693,SinmeB_3962,241,1849,1821,2030,1304,340
694,SinmeB_4029,2067,1405,28,1815,1721,345
695,SinmeB_4067,1856,1955,1234,834,28,1286
696,SinmeB_4068,1338,1338,1953,1849,2067,1246
697,SinmeB_4070,771,1260,2035,1219,1821,1824
698,SinmeB_4109,1931,1286,1931,1405,1957,28
699,SinmeB_4132,1953,1856,1824,1955,1074,486
700,SinmeB_4136,1957,1953,1074,1957,1824,1690
701,SinmeB_4151,2035,345,1304,2067,1690,1074
702,SinmeB_4152,1022,2035,1690,345,1635,1943
703,SinmeB_4158,1822,1931,1822,486,1770,1251
704,SinmeB_4159,1635,486,1022,1251,1341,1287
705,SinmeB_4160,1789,1822,1983,1943,2029,1795
706,SinmeB_4189,1282,1943,1789,1635,541,1234
707,SinmeB_4190,1983,1251,1341,1795,1282,4
708,SinmeB_4191,2029,1795,1163,2029,908,541
709,SinmeB_4210,913,1983,541,4,827,1341
710,SinmeB_4218,1163,1022,913,2077,1867,827
711,SinmeB_4226,1799,1163,1803,2058,1702,908
712,SinmeB_4242,1803,1789,908,1938,1881,2058
713,SinmeB_4257,1938,4,827,1385,1938,2077
714,SinmeB_4258,1556,1803,1799,1942,1681,1702
715,SinmeB_4270,609,913,1770,838,1942,1385
716,SinmeB_4272,1942,2077,1702,1844,1992,1304
717,SinmeB_4285,1868,2058,1867,1073,1844,1881
718,SinmeB_4291,1692,1799,1881,517,1692,1867
719,SinmeB_4292,1844,1385,1681,1282,1759,1681
720,SinmeB_4293,1658,1868,1556,1692,1658,1992
721,SinmeB_4295,1759,1556,1868,1759,1057,517
722,SinmeB_4301,1632,517,609,1658,1837,1073
723,SinmeB_4302,1847,1073,1992,1973,1632,520
724,SinmeB_4304,1325,609,1847,1818,1973,1837
725,SinmeB_4305,30,1847,1837,1932,1818,1770
726,SinmeB_4306,1208,838,1057,560,1932,1057
727,SinmeB_4325,1932,796,1433,1679,1433,838
728,SinmeB_4327,1973,1208,520,1632,30,1433
729,SinmeB_4328,1818,1679,1208,1854,2052,1406
730,SinmeB_4331,796,1165,2052,2033,520,1798
731,SinmeB_4332,560,2033,796,1927,1148,953
732,SinmeB_4337,1165,1854,1148,953,1324,2052
733,SinmeB_4343,1230,1927,1406,691,560,1679
734,SinmeB_4347,1307,953,1165,1991,1606,1148
735,SinmeB_4349,1767,1991,912,1340,912,2033
736,SinmeB_4350,794,691,1798,30,1406,1991
737,SinmeB_4351,1031,1767,1325,794,1798,912
738,SinmeB_4354,1223,1340,1767,1223,794,1927
739,SinmeB_4355,872,1230,1230,357,1223,1854
740,SinmeB_4356,1986,357,1606,1987,2057,691
741,SinmeB_4366,1241,1987,1324,872,872,1340
742,SinmeB_4368,579,482,2057,482,1031,357
743,SinmeB_4370,1195,1127,2059,579,1986,2057
744,SinmeB_4371,914,1325,1241,1127,579,1987
745,SinmeB_4372,947,947,1917,1790,2059,482
746,SinmeB_4373,1322,1241,1307,1986,914,1917
747,SinmeB_4374,74,1790,855,914,1917,1127
748,SinmeB_4375,1203,1832,947,1195,855,2059
749,SinmeB_4377,1832,1139,2034,1031,1195,2034
750,SinmeB_4384,653,1393,1895,74,2034,1139
751,SinmeB_4385,506,1307,1832,1139,1322,855
752,SinmeB_4386,661,734,1940,1349,1895,1895
753,SinmeB_4387,1400,1203,1203,653,74,1940
754,SinmeB_4388,1731,27,1828,1393,1940,1606
755,SinmeB_4390,1765,661,661,734,1316,1324
756,SinmeB_4391,632,1624,1731,27,653,1828
757,SinmeB_4413,1101,1731,1850,1209,1828,1790
758,SinmeB_4416,2060,896,1316,506,506,1393
759,SinmeB_4417,598,1349,1914,1624,1850,734
760,SinmeB_4419,1628,1765,1765,1322,1101,1850
761,SinmeB_4421,1311,881,1414,896,1426,1624
762,SinmeB_4423,1576,699,1426,1101,1914,27
763,SinmeB_4424,43,1468,1400,2060,1414,896
764,SinmeB_4425,1839,1209,1559,699,2060,1914
765,SinmeB_4427,656,1400,1805,632,1559,1414
766,SinmeB_4428,85,598,747,1468,1805,1271
767,SinmeB_4429,1227,1969,598,656,632,1559
768,SinmeB_4430,881,1271,881,1969,747,1349
769,SinmeB_4431,602,1910,43,1839,1628,699
770,SinmeB_4432,647,893,1168,1628,1839,1805
771,SinmeB_4434,801,1013,85,1271,656,1969
772,SinmeB_4440,1954,1636,739,1910,1311,1468
773,SinmeB_4441,1016,43,942,893,1576,1426
774,SinmeB_4442,766,1232,2027,1311,1168,747
775,SinmeB_4443,40,85,1933,1013,1227,1910
776,SinmeB_4445,1231,602,602,1636,739,1209
777,SinmeB_4461,1180,1167,1214,1016,942,1013
778,SinmeB_4463,1467,1949,1037,1232,647,1636
779,SinmeB_4464,244,766,766,1227,1016,893
780,SinmeB_4467,1391,1258,1337,1576,1933,1168
781,SinmeB_4468,1095,1391,577,647,2027,1316
782,SinmeB_4469,1339,792,1225,1258,1954,2027
783,SinmeB_4470,906,1659,244,1954,1214,1232
784,SinmeB_4471,878,244,1391,1167,801,1933
785,SinmeB_4472,753,1180,1730,1949,1037,739
786,SinmeB_4473,643,388,1180,801,577,942
787,SinmeB_4474,1327,650,604,40,1337,1949
788,SinmeB_4475,1256,1356,990,1467,40,1337
789,SinmeB_4476,1238,242,1663,1659,1225,1167
790,SinmeB_4477,1926,643,643,792,1467,1037
791,SinmeB_4483,481,1978,1238,1231,1231,388
792,SinmeB_4489,1326,2024,2024,388,1730,1225
793,SinmeB_4491,2024,465,49,1356,1095,1214
794,SinmeB_4493,804,1238,1197,1095,1339,577
795,SinmeB_4499,1853,576,1221,650,906,1730
796,SinmeB_4501,1278,2028,804,1339,604,792
797,SinmeB_4502,2028,804,358,906,990,1659
798,SinmeB_4509,1315,1972,1067,242,878,1258
799,SinmeB_4519,1972,472,2028,878,1663,650
800,SinmeB_4520,1157,1131,1371,1978,753,1663
801,SinmeB_4521,25,1247,851,1926,1371,604
802,SinmeB_4522,1704,945,1972,753,1926,1356
803,SinmeB_4530,983,1471,1327,465,481,990
804,SinmeB_4532,1471,1315,1256,481,1197,242
805,SinmeB_4534,752,1157,1315,1247,49,465
806,SinmeB_4543,1295,25,1157,576,1221,49
807,SinmeB_4544,775,342,25,1853,1853,1978
808,SinmeB_4549,832,1412,1471,472,358,576
809,SinmeB_4551,1968,1504,983,1131,1067,1221
810,SinmeB_4557,1200,983,752,945,1326,1197
811,SinmeB_4558,467,1720,1505,342,851,358
812,SinmeB_4562,1638,752,832,1704,1278,472
813,SinmeB_4566,1748,1327,1637,1412,1704,851
814,SinmeB_4570,1522,1256,870,1504,1968,1067
815,SinmeB_4571,1560,832,1921,1326,775,1131
816,SinmeB_4573,1186,1077,76,1968,1505,945
817,SinmeB_4582,538,2026,1835,1720,1637,1247
818,SinmeB_4583,50,1748,1714,775,870,1412
819,SinmeB_4585,1084,1224,1748,1077,1200,1720
820,SinmeB_4588,1368,1522,1522,1278,467,1504
821,SinmeB_4589,740,1560,1638,2026,76,342
822,SinmeB_4591,736,1638,1560,1224,1921,1835
823,SinmeB_4592,356,810,538,467,1835,1637
824,SinmeB_4601,1364,50,50,810,1714,1921
825,SinmeB_4603,899,538,1295,1084,1084,1371
826,SinmeB_4614,1882,736,916,899,1186,2026
827,SinmeB_4617,1369,124,736,124,916,1714
828,SinmeB_4618,711,1364,740,356,899,870
829,SinmeB_4619,130,1882,1368,1200,356,1505
830,SinmeB_4621,844,740,1364,1369,2032,1077
831,SinmeB_4624,852,1368,1882,1794,1369,1224
832,SinmeB_4634,948,130,130,1186,1365,76
833,SinmeB_4637,1365,711,711,1666,751,810
834,SinmeB_4639,905,852,852,1365,948,916
835,SinmeB_4640,996,1794,844,611,996,124
836,SinmeB_4641,800,1295,751,957,1212,1794
837,SinmeB_4646,1212,1666,905,948,735,1666
838,SinmeB_4647,1317,844,2032,941,759,751
839,SinmeB_4654,621,611,800,996,894,957
840,SinmeB_4659,1198,957,621,1629,1010,611
841,SinmeB_4665,1912,905,1912,1212,2011,941
842,SinmeB_4666,343,941,1198,1297,1244,1629
843,SinmeB_4667,1305,1629,735,1152,1305,2064
844,SinmeB_4668,1218,1912,1317,2064,1361,1152
845,SinmeB_4674,1361,800,343,1873,1130,2011
846,SinmeB_4699,1360,621,759,907,1218,1297
847,SinmeB_4700,1130,1297,894,1981,620,1873
848,SinmeB_4710,1222,1152,2011,1906,599,735
849,SinmeB_4711,599,2064,1010,11,1846,759
850,SinmeB_4717,1908,1873,1244,1228,1595,894
851,SinmeB_4719,1595,343,1360,1361,1724,1981
852,SinmeB_4725,563,1198,1908,1130,1128,907
853,SinmeB_4726,1211,907,620,1370,1359,1906
854,SinmeB_4727,1941,1317,1222,1845,591,1010
855,SinmeB_4728,591,1981,1846,1876,87,11
856,SinmeB_4735,1825,1906,1941,599,1296,2032
857,SinmeB_4737,1003,11,1211,1196,91,1228
858,SinmeB_4749,548,1908,563,1213,986,1845
859,SinmeB_4750,1296,1228,548,1305,593,620
860,SinmeB_4751,1226,1360,1724,1595,1572,1244
861,SinmeB_4752,1007,1222,1128,1218,1363,1846
862,SinmeB_4753,1572,1845,1825,591,637,1370
863,SinmeB_4754,1358,548,1359,890,1358,1196
864,SinmeB_4794,2016,1370,87,738,928,1213
865,SinmeB_4795,637,1941,1003,1296,2063,1128
866,SinmeB_4796,1181,1196,1226,1521,1445,87
867,SinmeB_4801,995,1213,91,637,1181,1724
868,SinmeB_4811,2063,1211,1007,814,994,1359
869,SinmeB_4813,1751,563,986,1572,946,890
870,SinmeB_4817,2044,1825,593,1916,1751,1876
871,SinmeB_4833,535,1876,1363,1358,1367,91
872,SinmeB_4834,1725,890,2016,2063,2044,738
873,SinmeB_4836,2025,1226,928,2074,1082,986
874,SinmeB_4842,1408,1003,995,1751,2025,593
875,SinmeB_4846,474,738,1445,1863,535,814
876,SinmeB_4847,1901,1007,994,2044,1870,1521
877,SinmeB_4866,624,1521,946,2025,1907,1363
878,SinmeB_4872,360,814,1367,937,1025,1916
879,SinmeB_4874,1320,1916,1082,1181,1408,928
880,SinmeB_4875,2017,2016,1870,1984,1350,1445
881,SinmeB_4876,1866,2074,1907,1827,789,2074
882,SinmeB_4877,1639,995,1025,535,1439,1863
883,SinmeB_4897,578,1863,1725,1408,1443,1984
884,SinmeB_4904,1343,937,1901,544,474,994
885,SinmeB_4908,1334,1984,789,654,773,946
886,SinmeB_4916,745,1827,1439,7,483,1367
887,SinmeB_4917,1351,1901,1443,3,1093,1827
888,SinmeB_4919,988,544,1866,1183,2017,1907
889,SinmeB_4920,489,1866,624,2017,360,1082
890,SinmeB_4924,936,1725,483,1639,1639,1870
891,SinmeB_4925,963,654,773,38,1314,937
892,SinmeB_4926,787,7,1093,44,132,1025
893,SinmeB_4943,1829,624,1350,360,897,1439
894,SinmeB_4946,1342,3,1314,474,1343,654
895,SinmeB_4947,910,38,132,1756,1229,544
896,SinmeB_4950,955,44,578,1343,934,789
897,SinmeB_4951,1094,1183,1320,1920,745,1443
898,SinmeB_4952,123,578,897,745,1144,483
899,SinmeB_4953,1919,1756,1229,866,1570,7
900,SinmeB_4954,767,1920,934,988,988,773
901,SinmeB_4955,817,866,1144,1274,936,1093
902,SinmeB_4964,786,1320,1570,936,84,3
903,SinmeB_4967,1026,1334,1334,802,781,44
904,SinmeB_4986,1434,489,489,787,787,38
905,SinmeB_4989,849,1829,1351,1298,597,1756
906,SinmeB_4990,1023,802,84,1216,910,897
907,SinmeB_5001,355,1274,963,910,123,1183
908,SinmeB_5049,1762,963,781,1919,1919,132
909,SinmeB_5050,1083,1342,1829,123,516,1314
910,SinmeB_5069,1138,1351,597,886,767,1570
911,SinmeB_5081,1967,955,1342,767,817,1144
912,SinmeB_5082,1877,1094,955,817,1210,1920
913,SinmeB_5083,898,886,1094,1362,849,1229
914,SinmeB_5085,760,1362,516,1366,550,1350
915,SinmeB_5086,1575,1298,1210,2056,1627,934
916,SinmeB_5087,1142,1366,1434,1558,1023,866
917,SinmeB_5121,2066,2056,786,849,1762,84
918,SinmeB_5127,783,1216,550,1023,1193,802
919,SinmeB_5128,964,1434,1026,1762,831,597
920,SinmeB_5142,931,1558,1627,1028,1138,781
921,SinmeB_5158,877,786,355,1138,762,1274
922,SinmeB_5170,1145,1026,831,603,1142,886
923,SinmeB_5190,1079,355,1967,780,1275,516
924,SinmeB_5191,5,1967,1083,746,930,2056
925,SinmeB_5205,1166,1083,1193,1142,783,1362
926,SinmeB_5206,719,1028,1877,997,785,1366
927,SinmeB_5216,1169,1877,898,1081,964,1298
928,SinmeB_5222,764,603,760,783,901,1216
929,SinmeB_5251,1190,780,762,1005,615,1210
930,SinmeB_5252,1643,746,1575,1409,1166,1627
931,SinmeB_5253,865,760,2066,600,1169,550
932,SinmeB_5254,782,898,930,964,1217,1558
933,SinmeB_5255,987,1081,785,1192,1164,831
934,SinmeB_5262,1176,2066,1275,1760,764,1028
935,SinmeB_5263,1435,997,1145,1169,865,603
936,SinmeB_5264,1179,1575,877,1166,1555,780
937,SinmeB_5265,932,1409,931,638,1435,746
938,SinmeB_5273,1563,1005,901,1143,1176,762
939,SinmeB_5275,1880,600,1079,1865,1179,1081
940,SinmeB_5276,1864,1145,5,764,932,1193
941,SinmeB_5277,29,877,615,933,392,1409
942,SinmeB_5278,892,931,719,1268,1880,930
943,SinmeB_5279,1568,1079,1164,865,1982,997
944,SinmeB_5280,341,1760,1217,1435,1864,1005
945,SinmeB_5281,828,5,1643,1176,2065,785
946,SinmeB_5282,1744,1192,1190,768,1568,600
947,SinmeB_5283,1571,638,987,761,341,901
948,SinmeB_5284,1172,719,782,932,1744,1760
949,SinmeB_5286,770,1143,1555,1179,1172,638
950,SinmeB_5287,980,1865,1563,1161,1737,1865
951,SinmeB_5288,509,933,392,1344,980,1192
952,SinmeB_5289,1838,1643,1982,536,354,1143
953,SinmeB_5290,1420,987,892,1880,269,1275
954,SinmeB_5294,1080,782,29,1864,835,615
955,SinmeB_5296,485,1268,2065,1640,769,1164
956,SinmeB_5297,77,768,828,1568,1420,933
957,SinmeB_5298,888,761,1571,341,1184,1217
958,SinmeB_5300,78,1190,1737,1744,1080,1268
959,SinmeB_5301,956,1344,770,1172,1911,768
960,SinmeB_5302,840,1563,1838,1092,485,761
961,SinmeB_5314,347,1161,354,980,78,1555
962,SinmeB_5322,935,536,509,784,956,1344
963,SinmeB_5323,1178,892,269,1182,60,1982
964,SinmeB_5327,763,1640,835,1170,887,1161
965,SinmeB_5332,616,29,769,1177,703,536
966,SinmeB_5337,631,828,1911,1420,1053,392
967,SinmeB_5344,359,1571,77,788,469,2065
968,SinmeB_5345,774,1092,1184,1080,416,1640
969,SinmeB_5346,864,1838,888,485,39,1092
970,SinmeB_5347,416,770,60,78,1557,1737
971,SinmeB_5348,1557,784,840,956,626,354
972,SinmeB_5349,1185,509,347,1001,1561,784
973,SinmeB_5350,270,1170,935,1009,1564,269
974,SinmeB_5352,1561,1177,1178,900,1948,1177
975,SinmeB_5353,1171,1182,763,1699,1566,1170
976,SinmeB_5354,1948,788,887,2054,1793,835
977,SinmeB_5355,1564,77,616,511,352,769
978,SinmeB_5357,1529,888,359,981,54,1911
979,SinmeB_5359,1889,1001,631,830,690,788
980,SinmeB_5360,1793,840,774,416,1890,1182
981,SinmeB_5361,352,347,703,1557,510,1001
982,SinmeB_5366,836,935,864,353,348,1184
983,SinmeB_5375,54,1009,1053,41,1174,60
984,SinmeB_5385,690,900,469,1745,1006,1009
985,SinmeB_5387,1890,1178,39,1119,1801,900
986,SinmeB_5388,979,763,1185,1024,1997,887
987,SinmeB_5389,510,1699,270,1592,1039,1699
988,SinmeB_5390,689,2054,626,592,688,2054
989,SinmeB_5406,348,774,1171,1891,891,703
990,SinmeB_5408,1875,616,1566,1427,344,469
991,SinmeB_5412,1792,359,1889,1561,706,1053
992,SinmeB_5419,707,631,1529,1564,1604,981
993,SinmeB_5420,1997,864,836,1948,1591,39
994,SinmeB_5422,1039,981,979,572,405,511
995,SinmeB_5423,824,511,689,822,1791,830
996,SinmeB_5424,1567,830,1875,1173,889,41
997,SinmeB_5425,1739,353,1792,1569,350,353
998,SinmeB_5429,344,41,1174,1793,944,1745
999,SinmeB_5430,1802,1745,1006,352,1049,1119
1000,SinmeB_5441,1591,1185,707,54,2007,1592
1001,SinmeB_5443,405,1119,1801,690,439,1024
1002,SinmeB_5448,1175,270,824,1565,1888,626
1003,SinmeB_5455,889,1024,688,1890,1041,592
1004,SinmeB_5456,351,1592,1567,510,1999,1891
1005,SinmeB_5470,944,592,891,348,863,1427
1006,SinmeB_5471,1050,1891,1739,1997,492,1566
1007,SinmeB_5472,493,1427,1802,1039,1644,822
1008,SinmeB_5473,2008,1171,706,406,1051,572
1009,SinmeB_5478,1644,572,1604,344,1646,1173
1010,SinmeB_5479,1051,822,1791,63,490,1569
1011,SinmeB_5486,490,1889,1175,1052,859,1565
1012,SinmeB_5500,1042,1529,351,1591,494,1174
1013,SinmeB_5501,494,1173,350,2010,1047,1006
1014,SinmeB_5502,1047,1569,1049,1123,1043,1801
1015,SinmeB_5505,1647,836,2007,405,2001,406
1016,SinmeB_5506,1043,1565,1050,889,2009,688
1017,SinmeB_5525,2001,979,493,1998,861,891
1018,SinmeB_5533,1046,689,439,349,1886,1052
1019,SinmeB_5536,860,1875,1888,944,1648,63
1020,SinmeB_5537,2004,1792,1041,1562,2005,1604
1021,SinmeB_5538,2000,707,1999,1048,2003,706
1022,SinmeB_5539,2009,824,2008,1887,1045,1791
1023,SinmeB_5544,861,1567,863,862,1884,2010
1024,SinmeB_5545,1886,406,492,2006,,1123
1025,SinmeB_5546,1648,1052,1646,1040,,350
1026,SinmeB_5547,1885,1739,1042,1644,,1998
1027,SinmeB_5548,2005,63,859,1051,,349
1028,SinmeB_5550,,1802,1647,490,,1049
1029,SinmeB_5551,,2010,1046,494,,1562
1030,SinmeB_5563,,1123,860,1047,,2007
1031,SinmeB_5564,,1175,2004,1043,,1048
1032,SinmeB_5576,,351,2000,1044,,1887
1033,SinmeB_5580,,1998,1885,2001,,862
1034,SinmeB_5582,,349,2003,1645,,439
1035,SinmeB_5583,,1562,1045,2009,,1888
1036,SinmeB_5586,,1050,1884,861,,1041
1037,SinmeB_5593,,1048,,1886,,1999
1038,SinmeB_5626,,493,,2002,,863
1039,SinmeB_5639,,1887,,491,,492
1040,SinmeB_5640,,862,,1648,,2006
1041,SinmeB_5641,,2008,,2005,,1040
1042,SinmeB_5642,,2006,,,,1646
1043,SinmeB_5643,,1040,,,,859
1044,SinmeB_5644,,1042,,,,1044
1045,SinmeB_5645,,1647,,,,1645
1046,SinmeB_5646,,1044,,,,2002
1047,SinmeB_5647,,1046,,,,491
1048,SinmeB_5648,,1645,,,,2003
1049,SinmeB_5649,,860,,,,1045
1050,SinmeB_5650,,2004,,,,1884
1051,SinmeB_5652,,2000,,,,
1052,SinmeB_5653,,2002,,,,
1053,SinmeB_5654,,491,,,,
1054,SinmeB_5658,,1885,,,,
1055,SinmeB_5659,,,,,,
1056,SinmeB_5689,,,,,,
1057,SinmeB_5704,,,,,,
1058,SinmeB_5728,,,,,,
1059,SinmeB_5733,,,,,,
1060,SinmeB_5734,,,,,,
1061,SinmeB_5761,,,,,,
1062,SinmeB_5764,,,,,,
1063,SinmeB_5765,,,,,,
1064,SinmeB_5783,,,,,,
1065,SinmeB_5784,,,,,,
1066,SinmeB_5791,,,,,,
1067,SinmeB_5801,,,,,,
1068,SinmeB_5805,,,,,,
1069,SinmeB_5815,,,,,,
1070,SinmeB_5816,,,,,,
1071,SinmeB_5819,,,,,,
1072,SinmeB_5835,,,,,,
1073,SinmeB_5836,,,,,,
1074,SinmeB_5865,,,,,,
1075,SinmeB_5879,,,,,,
1076,SinmeB_5880,,,,,,
1077,SinmeB_5898,,,,,,
1078,SinmeB_5911,,,,,,
1079,SinmeB_5930,,,,,,
1080,SinmeB_5931,,,,,,
1081,SinmeB_5932,,,,,,
1082,SinmeB_5933,,,,,,
1083,SinmeB_5934,,,,,,
1084,SinmeB_5935,,,,,,
1085,SinmeB_5936,,,,,,
1086,SinmeB_5958,,,,,,
1087,SinmeB_5962,,,,,,
1088,SinmeB_5991,,,,,,
1089,SinmeB_6118,,,,,,
1090,SinmeB_6144,,,,,,
1091,SinmeB_6173,,,,,,
1092,SinmeB_6176,,,,,,
1093,SinmeB_6177,,,,,,
1094,SinmeB_6178,,,,,,
1095,SinmeB_6179,,,,,,
1096,SinmeB_6196,,,,,,
1097,SinmeB_6197,,,,,,
1098,SinmeB_6208,,,,,,
1099,SinmeB_6209,,,,,,
1100,SinmeB_6237,,,,,,
1101,SinmeB_6256,,,,,,
1102,SinmeB_6266,,,,,,
1103,SinmeB_6268,,,,,,
1104,SinmeB_6269,,,,,,
1105,SinmeB_6270,,,,,,
1106,SinmeB_6271,,,,,,
1107,SinmeB_6292,,,,,,
1108,SinmeB_6301,,,,,,
1109,SinmeB_6335,,,,,,
1110,SinmeB_6336,,,,,,
1111,SinmeB_6344,,,,,,
1112,SinmeB_6345,,,,,,
1113,SinmeB_6348,,,,,,
1114,SinmeB_6354,,,,,,
1115,SinmeB_6355,,,,,,
1116,SinmeB_6358,,,,,,
1117,SinmeB_6359,,,,,,
1118,SinmeB_6376,,,,,,
1119,SinmeB_6379,,,,,,
1120,SinmeB_6396,,,,,,
1121,SinmeB_6419,,,,,,
1122,SinmeB_6420,,,,,,
1123,SinmeB_6430,,,,,,
1124,SinmeB_6439,,,,,,
1125,SinmeB_6475,,,,,,
1126,SinmeB_6498,,,,,,
1127,SinmeB_6531,,,,,,
1128,SinmeB_6532,,,,,,
1129,SinmeB_6564,,,,,,
1130,SinmeB_6565,,,,,,
1131,SinmeB_6588,,,,,,
1132,SinmeB_6595,,,,,,
1133,SinmeB_6597,,,,,,
1134,SinmeB_6598,,,,,,
1135,SinmeB_6599,,,,,,
1136,SinmeB_6600,,,,,,
1137,SinmeB_6601,,,,,,
1138,SinmeB_6602,,,,,,
1139,SinmeB_6603,,,,,,
1140,SinmeB_6604,,,,,,
1141,SinmeB_6607,,,,,,
1142,SinmeB_6611,,,,,,
1143,SinmeB_6612,,,,,,
1144,SinmeB_6613,,,,,,
1145,SinmeB_6614,,,,,,
1146,SinmeB_6616,,,,,,
1147,SinmeB_6621,,,,,,
1148,SinmeB_6622,,,,,,
1149,SinmeB_6625,,,,,,
1150,SinmeB_6660,,,,,,
1151,SinmeB_6662,,,,,,
1152,SinmeB_6666,,,,,,
1153,SinmeB_6669,,,,,,
1154,SinmeB_6670,,,,,,
1155,SinmeB_6672,,,,,,
1156,SinmeB_6673,,,,,,
1157,SinmeB_6674,,,,,,
1158,SinmeB_6705,,,,,,
1159,SinmeB_6706,,,,,,
1160,SinmeB_1263,,,,,,
1161,SinmeB_1324,,,,,,
1162,SinmeB_1328,,,,,,
1163,SinmeB_1431,,,,,,
1164,SinmeB_1668,,,,,,
1165,SinmeB_1672,,,,,,
1166,SinmeB_1674,,,,,,
1167,SinmeB_1677,,,,,,
1168,SinmeB_1678,,,,,,
1169,SinmeB_1682,,,,,,
1170,SinmeB_1683,,,,,,
1171,SinmeB_1685,,,,,,
1172,SinmeB_1686,,,,,,
1173,SinmeB_1687,,,,,,
1174,SinmeB_1688,,,,,,
1175,SinmeB_1689,,,,,,
1176,SinmeB_1690,,,,,,
1177,SinmeB_1691,,,,,,
1178,SinmeB_1693,,,,,,
1179,SinmeB_1694,,,,,,
1180,SinmeB_1699,,,,,,
1181,SinmeB_1703,,,,,,
1182,SinmeB_1784,,,,,,
1183,SinmeB_2023,,,,,,
1184,SinmeB_2024,,,,,,
1185,SinmeB_2088,,,,,,
1186,SinmeB_2089,,,,,,
1187,SinmeB_2090,,,,,,
1188,SinmeB_2092,,,,,,
1189,SinmeB_2161,,,,,,
1190,SinmeB_2274,,,,,,
1191,SinmeB_2275,,,,,,
1192,SinmeB_2279,,,,,,
1193,SinmeB_2280,,,,,,
1194,SinmeB_2281,,,,,,
1195,SinmeB_2402,,,,,,
1196,SinmeB_2403,,,,,,
1197,SinmeB_2405,,,,,,
1198,SinmeB_2406,,,,,,
1199,SinmeB_2407,,,,,,
1200,SinmeB_2808,,,,,,
1201,SinmeB_2883,,,,,,
1202,SinmeB_3145,,,,,,
1203,SinmeB_3430,,,,,,
1204,SinmeB_3945,,,,,,
1205,SinmeB_3947,,,,,,
1206,SinmeB_3948,,,,,,
1207,SinmeB_3949,,,,,,
1208,SinmeB_4641,,,,,,
1209,SinmeB_4647,,,,,,
1210,SinmeB_4750,,,,,,
1211,SinmeB_4751,,,,,,
1212,SinmeB_4752,,,,,,
1213,SinmeB_4753,,,,,,
1214,SinmeB_4754,,,,,,
1215,SinmeB_4840,,,,,,
1216,SinmeB_4846,,,,,,
1217,SinmeB_4847,,,,,,
1218,SinmeB_5564,,,,,,
1219,SinmeB_5639,,,,,,
1220,SinmeB_5640,,,,,,
1221,SinmeB_5641,,,,,,
1222,SinmeB_5642,,,,,,
1223,SinmeB_5643,,,,,,
1224,SinmeB_5644,,,,,,
1225,SinmeB_5645,,,,,,
1226,SinmeB_5646,,,,,,
1227,SinmeB_5647,,,,,,
1228,SinmeB_5648,,,,,,
1229,SinmeB_5649,,,,,,
1230,SinmeB_5650,,,,,,
1231,SinmeB_5652,,,,,,
1232,SinmeB_5653,,,,,,
1233,SinmeB_5987,,,,,,
1234,SinmeB_6024,,,,,,
1235,SinmeB_6170,,,,,,
1236,SinmeB_0105,,,,,,
1237,SinmeB_0154,,,,,,
1238,SinmeB_0163,,,,,,
1239,SinmeB_0211,,,,,,
1240,SinmeB_0278,,,,,,
1241,SinmeB_0279,,,,,,
1242,SinmeB_0376,,,,,,
1243,SinmeB_0439,,,,,,
1244,SinmeB_0445,,,,,,
1245,SinmeB_0454,,,,,,
1246,SinmeB_0461,,,,,,
1247,SinmeB_0584,,,,,,
1248,SinmeB_0701,,,,,,
1249,SinmeB_0715,,,,,,
1250,SinmeB_0852,,,,,,
1251,SinmeB_0860,,,,,,
1252,SinmeB_0861,,,,,,
1253,SinmeB_0967,,,,,,
1254,SinmeB_0979,,,,,,
1255,SinmeB_0980,,,,,,
1256,SinmeB_1289,,,,,,
1257,SinmeB_1367,,,,,,
1258,SinmeB_1385,,,,,,
1259,SinmeB_1459,,,,,,
1260,SinmeB_1593,,,,,,
1261,SinmeB_1727,,,,,,
1262,SinmeB_1762,,,,,,
1263,SinmeB_1763,,,,,,
1264,SinmeB_1764,,,,,,
1265,SinmeB_1765,,,,,,
1266,SinmeB_1766,,,,,,
1267,SinmeB_1767,,,,,,
1268,SinmeB_1784,,,,,,
1269,SinmeB_1808,,,,,,
1270,SinmeB_1867,,,,,,
1271,SinmeB_1882,,,,,,
1272,SinmeB_1971,,,,,,
1273,SinmeB_2011,,,,,,
1274,SinmeB_2023,,,,,,
1275,SinmeB_2024,,,,,,
1276,SinmeB_2034,,,,,,
1277,SinmeB_2088,,,,,,
1278,SinmeB_2089,,,,,,
1279,SinmeB_2125,,,,,,
1280,SinmeB_2148,,,,,,
1281,SinmeB_2163,,,,,,
1282,SinmeB_2169,,,,,,
1283,SinmeB_2178,,,,,,
1284,SinmeB_2274,,,,,,
1285,SinmeB_2275,,,,,,
1286,SinmeB_2279,,,,,,
1287,SinmeB_2280,,,,,,
1288,SinmeB_2281,,,,,,
1289,SinmeB_2374,,,,,,
1290,SinmeB_2380,,,,,,
1291,SinmeB_2402,,,,,,
1292,SinmeB_2403,,,,,,
1293,SinmeB_2405,,,,,,
1294,SinmeB_2406,,,,,,
1295,SinmeB_2449,,,,,,
1296,SinmeB_2563,,,,,,
1297,SinmeB_2564,,,,,,
1298,SinmeB_2652,,,,,,
1299,SinmeB_2704,,,,,,
1300,SinmeB_2762,,,,,,
1301,SinmeB_2763,,,,,,
1302,SinmeB_2772,,,,,,
1303,SinmeB_2785,,,,,,
1304,SinmeB_2786,,,,,,
1305,SinmeB_2808,,,,,,
1306,SinmeB_2859,,,,,,
1307,SinmeB_2947,,,,,,
1308,SinmeB_2991,,,,,,
1309,SinmeB_3079,,,,,,
1310,SinmeB_3230,,,,,,
1311,SinmeB_3247,,,,,,
1312,SinmeB_3248,,,,,,
1313,SinmeB_3254,,,,,,
1314,SinmeB_3255,,,,,,
1315,SinmeB_3256,,,,,,
1316,SinmeB_3423,,,,,,
1317,SinmeB_3430,,,,,,
1318,SinmeB_3497,,,,,,
1319,SinmeB_3617,,,,,,
1320,SinmeB_3665,,,,,,
1321,SinmeB_3713,,,,,,
1322,SinmeB_3745,,,,,,
1323,SinmeB_3746,,,,,,
1324,SinmeB_3791,,,,,,
1325,SinmeB_3792,,,,,,
1326,SinmeB_3793,,,,,,
1327,SinmeB_3865,,,,,,
1328,SinmeB_3868,,,,,,
1329,SinmeB_3945,,,,,,
1330,SinmeB_4189,,,,,,
1331,SinmeB_4190,,,,,,
1332,SinmeB_4341,,,,,,
1333,SinmeB_4637,,,,,,
1334,SinmeB_4641,,,,,,
1335,SinmeB_4646,,,,,,
1336,SinmeB_4647,,,,,,
1337,SinmeB_4750,,,,,,
1338,SinmeB_4751,,,,,,
1339,SinmeB_4752,,,,,,
1340,SinmeB_4753,,,,,,
1341,SinmeB_4754,,,,,,
1342,SinmeB_4794,,,,,,
1343,SinmeB_4795,,,,,,
1344,SinmeB_4796,,,,,,
1345,SinmeB_4813,,,,,,
1346,SinmeB_4836,,,,,,
1347,SinmeB_4839,,,,,,
1348,SinmeB_4840,,,,,,
1349,SinmeB_4846,,,,,,
1350,SinmeB_4847,,,,,,
1351,SinmeB_4904,,,,,,
1352,SinmeB_4941,,,,,,
1353,SinmeB_5050,,,,,,
1354,SinmeB_5244,,,,,,
1355,SinmeB_5280,,,,,,
1356,SinmeB_5425,,,,,,
1357,SinmeB_5564,,,,,,
1358,SinmeB_5639,,,,,,
1359,SinmeB_5641,,,,,,
1360,SinmeB_5642,,,,,,
1361,SinmeB_5643,,,,,,
1362,SinmeB_5644,,,,,,
1363,SinmeB_5645,,,,,,
1364,SinmeB_5646,,,,,,
1365,SinmeB_5647,,,,,,
1366,SinmeB_5648,,,,,,
1367,SinmeB_5649,,,,,,
1368,SinmeB_5650,,,,,,
1369,SinmeB_5652,,,,,,
1370,SinmeB_5653,,,,,,
1371,SinmeB_5911,,,,,,
1372,SinmeB_5986,,,,,,
1373,SinmeB_5987,,,,,,
1374,SinmeB_5988,,,,,,
1375,SinmeB_5993,,,,,,
1376,SinmeB_6024,,,,,,
1377,SinmeB_6048,,,,,,
1378,SinmeB_6170,,,,,,
1379,SinmeB_6171,,,,,,
1380,SinmeB_6301,,,,,,
1381,SinmeB_6341,,,,,,
1382,SinmeB_6355,,,,,,
1383,SinmeB_6358,,,,,,
1384,SinmeB_6379,,,,,,
1385,SinmeB_0017,,,,,,
1386,SinmeB_0026,,,,,,
1387,SinmeB_0041,,,,,,
1388,SinmeB_0044,,,,,,
1389,SinmeB_0046,,,,,,
1390,SinmeB_0047,,,,,,
1391,SinmeB_0075,,,,,,
1392,SinmeB_0080,,,,,,
1393,SinmeB_0104,,,,,,
1394,SinmeB_0146,,,,,,
1395,SinmeB_0154,,,,,,
1396,SinmeB_0166,,,,,,
1397,SinmeB_0212,,,,,,
1398,SinmeB_0235,,,,,,
1399,SinmeB_0277,,,,,,
1400,SinmeB_0279,,,,,,
1401,SinmeB_0285,,,,,,
1402,SinmeB_0286,,,,,,
1403,SinmeB_0329,,,,,,
1404,SinmeB_0337,,,,,,
1405,SinmeB_0349,,,,,,
1406,SinmeB_0350,,,,,,
1407,SinmeB_0352,,,,,,
1408,SinmeB_0354,,,,,,
1409,SinmeB_0355,,,,,,
1410,SinmeB_0356,,,,,,
1411,SinmeB_0373,,,,,,
1412,SinmeB_0378,,,,,,
1413,SinmeB_0380,,,,,,
1414,SinmeB_0398,,,,,,
1415,SinmeB_0399,,,,,,
1416,SinmeB_0404,,,,,,
1417,SinmeB_0405,,,,,,
1418,SinmeB_0406,,,,,,
1419,SinmeB_0420,,,,,,
1420,SinmeB_0433,,,,,,
1421,SinmeB_0436,,,,,,
1422,SinmeB_0437,,,,,,
1423,SinmeB_0438,,,,,,
1424,SinmeB_0439,,,,,,
1425,SinmeB_0442,,,,,,
1426,SinmeB_0445,,,,,,
1427,SinmeB_0454,,,,,,
1428,SinmeB_0461,,,,,,
1429,SinmeB_0487,,,,,,
1430,SinmeB_0496,,,,,,
1431,SinmeB_0547,,,,,,
1432,SinmeB_0548,,,,,,
1433,SinmeB_0556,,,,,,
1434,SinmeB_0557,,,,,,
1435,SinmeB_0558,,,,,,
1436,SinmeB_0572,,,,,,
1437,SinmeB_0579,,,,,,
1438,SinmeB_0584,,,,,,
1439,SinmeB_0590,,,,,,
1440,SinmeB_0591,,,,,,
1441,SinmeB_0602,,,,,,
1442,SinmeB_0613,,,,,,
1443,SinmeB_0620,,,,,,
1444,SinmeB_0636,,,,,,
1445,SinmeB_0642,,,,,,
1446,SinmeB_0643,,,,,,
1447,SinmeB_0648,,,,,,
1448,SinmeB_0652,,,,,,
1449,SinmeB_0660,,,,,,
1450,SinmeB_0669,,,,,,
1451,SinmeB_0690,,,,,,
1452,SinmeB_0701,,,,,,
1453,SinmeB_0709,,,,,,
1454,SinmeB_0710,,,,,,
1455,SinmeB_0717,,,,,,
1456,SinmeB_0718,,,,,,
1457,SinmeB_0725,,,,,,
1458,SinmeB_0726,,,,,,
1459,SinmeB_0727,,,,,,
1460,SinmeB_0728,,,,,,
1461,SinmeB_0729,,,,,,
1462,SinmeB_0733,,,,,,
1463,SinmeB_0741,,,,,,
1464,SinmeB_0759,,,,,,
1465,SinmeB_0786,,,,,,
1466,SinmeB_0804,,,,,,
1467,SinmeB_0806,,,,,,
1468,SinmeB_0807,,,,,,
1469,SinmeB_0817,,,,,,
1470,SinmeB_0818,,,,,,
1471,SinmeB_0838,,,,,,
1472,SinmeB_0882,,,,,,
1473,SinmeB_0884,,,,,,
1474,SinmeB_0885,,,,,,
1475,SinmeB_0907,,,,,,
1476,SinmeB_0934,,,,,,
1477,SinmeB_0973,,,,,,
1478,SinmeB_0974,,,,,,
1479,SinmeB_0987,,,,,,
1480,SinmeB_0988,,,,,,
1481,SinmeB_0989,,,,,,
1482,SinmeB_0990,,,,,,
1483,SinmeB_0991,,,,,,
1484,SinmeB_0992,,,,,,
1485,SinmeB_0993,,,,,,
1486,SinmeB_1000,,,,,,
1487,SinmeB_1001,,,,,,
1488,SinmeB_1002,,,,,,
1489,SinmeB_1003,,,,,,
1490,SinmeB_1004,,,,,,
1491,SinmeB_1005,,,,,,
1492,SinmeB_1012,,,,,,
1493,SinmeB_1013,,,,,,
1494,SinmeB_1024,,,,,,
1495,SinmeB_1037,,,,,,
1496,SinmeB_1051,,,,,,
1497,SinmeB_1052,,,,,,
1498,SinmeB_1053,,,,,,
1499,SinmeB_1054,,,,,,
1500,SinmeB_1057,,,,,,
1501,SinmeB_1058,,,,,,
1502,SinmeB_1061,,,,,,
1503,SinmeB_1084,,,,,,
1504,SinmeB_1099,,,,,,
1505,SinmeB_1100,,,,,,
1506,SinmeB_1101,,,,,,
1507,SinmeB_1132,,,,,,
1508,SinmeB_1143,,,,,,
1509,SinmeB_1144,,,,,,
1510,SinmeB_1153,,,,,,
1511,SinmeB_1160,,,,,,
1512,SinmeB_1176,,,,,,
1513,SinmeB_1206,,,,,,
1514,SinmeB_1207,,,,,,
1515,SinmeB_1213,,,,,,
1516,SinmeB_1235,,,,,,
1517,SinmeB_1248,,,,,,
1518,SinmeB_1249,,,,,,
1519,SinmeB_1263,,,,,,
1520,SinmeB_1289,,,,,,
1521,SinmeB_1324,,,,,,
1522,SinmeB_1326,,,,,,
1523,SinmeB_1327,,,,,,
1524,SinmeB_1328,,,,,,
1525,SinmeB_1341,,,,,,
1526,SinmeB_1385,,,,,,
1527,SinmeB_1419,,,,,,
1528,SinmeB_1430,,,,,,
1529,SinmeB_1431,,,,,,
1530,SinmeB_1454,,,,,,
1531,SinmeB_1455,,,,,,
1532,SinmeB_1456,,,,,,
1533,SinmeB_1479,,,,,,
1534,SinmeB_1481,,,,,,
1535,SinmeB_1482,,,,,,
1536,SinmeB_1483,,,,,,
1537,SinmeB_1484,,,,,,
1538,SinmeB_1532,,,,,,
1539,SinmeB_1547,,,,,,
1540,SinmeB_1556,,,,,,
1541,SinmeB_1557,,,,,,
1542,SinmeB_1560,,,,,,
1543,SinmeB_1575,,,,,,
1544,SinmeB_1582,,,,,,
1545,SinmeB_1585,,,,,,
1546,SinmeB_1590,,,,,,
1547,SinmeB_1593,,,,,,
1548,SinmeB_1594,,,,,,
1549,SinmeB_1604,,,,,,
1550,SinmeB_1610,,,,,,
1551,SinmeB_1611,,,,,,
1552,SinmeB_1622,,,,,,
1553,SinmeB_1624,,,,,,
1554,SinmeB_1636,,,,,,
1555,SinmeB_1668,,,,,,
1556,SinmeB_1672,,,,,,
1557,SinmeB_1674,,,,,,
1558,SinmeB_1677,,,,,,
1559,SinmeB_1678,,,,,,
1560,SinmeB_1681,,,,,,
1561,SinmeB_1682,,,,,,
1562,SinmeB_1683,,,,,,
1563,SinmeB_1685,,,,,,
1564,SinmeB_1686,,,,,,
1565,SinmeB_1687,,,,,,
1566,SinmeB_1688,,,,,,
1567,SinmeB_1689,,,,,,
1568,SinmeB_1690,,,,,,
1569,SinmeB_1691,,,,,,
1570,SinmeB_1692,,,,,,
1571,SinmeB_1693,,,,,,
1572,SinmeB_1694,,,,,,
1573,SinmeB_1695,,,,,,
1574,SinmeB_1697,,,,,,
1575,SinmeB_1699,,,,,,
1576,SinmeB_1703,,,,,,
1577,SinmeB_1718,,,,,,
1578,SinmeB_1740,,,,,,
1579,SinmeB_1741,,,,,,
1580,SinmeB_1765,,,,,,
1581,SinmeB_1776,,,,,,
1582,SinmeB_1784,,,,,,
1583,SinmeB_1808,,,,,,
1584,SinmeB_1849,,,,,,
1585,SinmeB_1850,,,,,,
1586,SinmeB_1851,,,,,,
1587,SinmeB_1857,,,,,,
1588,SinmeB_1888,,,,,,
1589,SinmeB_1889,,,,,,
1590,SinmeB_1901,,,,,,
1591,SinmeB_1971,,,,,,
1592,SinmeB_1972,,,,,,
1593,SinmeB_2023,,,,,,
1594,SinmeB_2024,,,,,,
1595,SinmeB_2034,,,,,,
1596,SinmeB_2039,,,,,,
1597,SinmeB_2040,,,,,,
1598,SinmeB_2046,,,,,,
1599,SinmeB_2047,,,,,,
1600,SinmeB_2088,,,,,,
1601,SinmeB_2089,,,,,,
1602,SinmeB_2090,,,,,,
1603,SinmeB_2099,,,,,,
1604,SinmeB_2161,,,,,,
1605,SinmeB_2169,,,,,,
1606,SinmeB_2178,,,,,,
1607,SinmeB_2183,,,,,,
1608,SinmeB_2187,,,,,,
1609,SinmeB_2204,,,,,,
1610,SinmeB_2207,,,,,,
1611,SinmeB_2214,,,,,,
1612,SinmeB_2217,,,,,,
1613,SinmeB_2222,,,,,,
1614,SinmeB_2223,,,,,,
1615,SinmeB_2248,,,,,,
1616,SinmeB_2249,,,,,,
1617,SinmeB_2250,,,,,,
1618,SinmeB_2251,,,,,,
1619,SinmeB_2252,,,,,,
1620,SinmeB_2254,,,,,,
1621,SinmeB_2255,,,,,,
1622,SinmeB_2256,,,,,,
1623,SinmeB_2257,,,,,,
1624,SinmeB_2258,,,,,,
1625,SinmeB_2259,,,,,,
1626,SinmeB_2261,,,,,,
1627,SinmeB_2263,,,,,,
1628,SinmeB_2270,,,,,,
1629,SinmeB_2271,,,,,,
1630,SinmeB_2272,,,,,,
1631,SinmeB_2274,,,,,,
1632,SinmeB_2275,,,,,,
1633,SinmeB_2279,,,,,,
1634,SinmeB_2280,,,,,,
1635,SinmeB_2344,,,,,,
1636,SinmeB_2345,,,,,,
1637,SinmeB_2346,,,,,,
1638,SinmeB_2347,,,,,,
1639,SinmeB_2348,,,,,,
1640,SinmeB_2349,,,,,,
1641,SinmeB_2385,,,,,,
1642,SinmeB_2388,,,,,,
1643,SinmeB_2401,,,,,,
1644,SinmeB_2402,,,,,,
1645,SinmeB_2403,,,,,,
1646,SinmeB_2405,,,,,,
1647,SinmeB_2406,,,,,,
1648,SinmeB_2407,,,,,,
1649,SinmeB_2408,,,,,,
1650,SinmeB_2438,,,,,,
1651,SinmeB_2447,,,,,,
1652,SinmeB_2448,,,,,,
1653,SinmeB_2449,,,,,,
1654,SinmeB_2451,,,,,,
1655,SinmeB_2485,,,,,,
1656,SinmeB_2494,,,,,,
1657,SinmeB_2538,,,,,,
1658,SinmeB_2563,,,,,,
1659,SinmeB_2564,,,,,,
1660,SinmeB_2583,,,,,,
1661,SinmeB_2604,,,,,,
1662,SinmeB_2652,,,,,,
1663,SinmeB_2661,,,,,,
1664,SinmeB_2663,,,,,,
1665,SinmeB_2674,,,,,,
1666,SinmeB_2687,,,,,,
1667,SinmeB_2696,,,,,,
1668,SinmeB_2727,,,,,,
1669,SinmeB_2728,,,,,,
1670,SinmeB_2756,,,,,,
1671,SinmeB_2758,,,,,,
1672,SinmeB_2772,,,,,,
1673,SinmeB_2780,,,,,,
1674,SinmeB_2785,,,,,,
1675,SinmeB_2786,,,,,,
1676,SinmeB_2801,,,,,,
1677,SinmeB_2808,,,,,,
1678,SinmeB_2834,,,,,,
1679,SinmeB_2835,,,,,,
1680,SinmeB_2845,,,,,,
1681,SinmeB_2850,,,,,,
1682,SinmeB_2855,,,,,,
1683,SinmeB_2860,,,,,,
1684,SinmeB_2880,,,,,,
1685,SinmeB_2881,,,,,,
1686,SinmeB_2882,,,,,,
1687,SinmeB_2883,,,,,,
1688,SinmeB_2927,,,,,,
1689,SinmeB_2928,,,,,,
1690,SinmeB_2939,,,,,,
1691,SinmeB_2947,,,,,,
1692,SinmeB_2952,,,,,,
1693,SinmeB_2991,,,,,,
1694,SinmeB_3001,,,,,,
1695,SinmeB_3014,,,,,,
1696,SinmeB_3028,,,,,,
1697,SinmeB_3037,,,,,,
1698,SinmeB_3078,,,,,,
1699,SinmeB_3079,,,,,,
1700,SinmeB_3092,,,,,,
1701,SinmeB_3125,,,,,,
1702,SinmeB_3126,,,,,,
1703,SinmeB_3127,,,,,,
1704,SinmeB_3128,,,,,,
1705,SinmeB_3139,,,,,,
1706,SinmeB_3145,,,,,,
1707,SinmeB_3162,,,,,,
1708,SinmeB_3163,,,,,,
1709,SinmeB_3164,,,,,,
1710,SinmeB_3169,,,,,,
1711,SinmeB_3199,,,,,,
1712,SinmeB_3201,,,,,,
1713,SinmeB_3202,,,,,,
1714,SinmeB_3208,,,,,,
1715,SinmeB_3209,,,,,,
1716,SinmeB_3211,,,,,,
1717,SinmeB_3212,,,,,,
1718,SinmeB_3219,,,,,,
1719,SinmeB_3220,,,,,,
1720,SinmeB_3221,,,,,,
1721,SinmeB_3222,,,,,,
1722,SinmeB_3230,,,,,,
1723,SinmeB_3244,,,,,,
1724,SinmeB_3255,,,,,,
1725,SinmeB_3256,,,,,,
1726,SinmeB_3286,,,,,,
1727,SinmeB_3292,,,,,,
1728,SinmeB_3298,,,,,,
1729,SinmeB_3299,,,,,,
1730,SinmeB_3300,,,,,,
1731,SinmeB_3301,,,,,,
1732,SinmeB_3311,,,,,,
1733,SinmeB_3316,,,,,,
1734,SinmeB_3317,,,,,,
1735,SinmeB_3355,,,,,,
1736,SinmeB_3366,,,,,,
1737,SinmeB_3397,,,,,,
1738,SinmeB_3423,,,,,,
1739,SinmeB_3430,,,,,,
1740,SinmeB_3437,,,,,,
1741,SinmeB_3488,,,,,,
1742,SinmeB_3549,,,,,,
1743,SinmeB_3555,,,,,,
1744,SinmeB_3557,,,,,,
1745,SinmeB_3558,,,,,,
1746,SinmeB_3586,,,,,,
1747,SinmeB_3592,,,,,,
1748,SinmeB_3612,,,,,,
1749,SinmeB_3621,,,,,,
1750,SinmeB_3647,,,,,,
1751,SinmeB_3650,,,,,,
1752,SinmeB_3655,,,,,,
1753,SinmeB_3659,,,,,,
1754,SinmeB_3665,,,,,,
1755,SinmeB_3666,,,,,,
1756,SinmeB_3682,,,,,,
1757,SinmeB_3697,,,,,,
1758,SinmeB_3713,,,,,,
1759,SinmeB_3725,,,,,,
1760,SinmeB_3726,,,,,,
1761,SinmeB_3728,,,,,,
1762,SinmeB_3734,,,,,,
1763,SinmeB_3738,,,,,,
1764,SinmeB_3739,,,,,,
1765,SinmeB_3740,,,,,,
1766,SinmeB_3745,,,,,,
1767,SinmeB_3760,,,,,,
1768,SinmeB_3762,,,,,,
1769,SinmeB_3788,,,,,,
1770,SinmeB_3791,,,,,,
1771,SinmeB_3792,,,,,,
1772,SinmeB_3793,,,,,,
1773,SinmeB_3801,,,,,,
1774,SinmeB_3803,,,,,,
1775,SinmeB_3804,,,,,,
1776,SinmeB_3814,,,,,,
1777,SinmeB_3865,,,,,,
1778,SinmeB_3866,,,,,,
1779,SinmeB_3867,,,,,,
1780,SinmeB_3868,,,,,,
1781,SinmeB_3874,,,,,,
1782,SinmeB_3876,,,,,,
1783,SinmeB_3918,,,,,,
1784,SinmeB_3920,,,,,,
1785,SinmeB_3927,,,,,,
1786,SinmeB_3928,,,,,,
1787,SinmeB_3929,,,,,,
1788,SinmeB_3930,,,,,,
1789,SinmeB_3931,,,,,,
1790,SinmeB_3945,,,,,,
1791,SinmeB_3947,,,,,,
1792,SinmeB_3948,,,,,,
1793,SinmeB_3949,,,,,,
1794,SinmeB_3950,,,,,,
1795,SinmeB_4132,,,,,,
1796,SinmeB_4136,,,,,,
1797,SinmeB_4150,,,,,,
1798,SinmeB_4158,,,,,,
1799,SinmeB_4159,,,,,,
1800,SinmeB_4167,,,,,,
1801,SinmeB_4189,,,,,,
1802,SinmeB_4190,,,,,,
1803,SinmeB_4226,,,,,,
1804,SinmeB_4292,,,,,,
1805,SinmeB_4301,,,,,,
1806,SinmeB_4303,,,,,,
1807,SinmeB_4306,,,,,,
1808,SinmeB_4327,,,,,,
1809,SinmeB_4328,,,,,,
1810,SinmeB_4329,,,,,,
1811,SinmeB_4337,,,,,,
1812,SinmeB_4347,,,,,,
1813,SinmeB_4349,,,,,,
1814,SinmeB_4350,,,,,,
1815,SinmeB_4354,,,,,,
1816,SinmeB_4355,,,,,,
1817,SinmeB_4356,,,,,,
1818,SinmeB_4372,,,,,,
1819,SinmeB_4373,,,,,,
1820,SinmeB_4374,,,,,,
1821,SinmeB_4385,,,,,,
1822,SinmeB_4386,,,,,,
1823,SinmeB_4387,,,,,,
1824,SinmeB_4417,,,,,,
1825,SinmeB_4419,,,,,,
1826,SinmeB_4420,,,,,,
1827,SinmeB_4421,,,,,,
1828,SinmeB_4423,,,,,,
1829,SinmeB_4424,,,,,,
1830,SinmeB_4425,,,,,,
1831,SinmeB_4426,,,,,,
1832,SinmeB_4428,,,,,,
1833,SinmeB_4429,,,,,,
1834,SinmeB_4430,,,,,,
1835,SinmeB_4431,,,,,,
1836,SinmeB_4432,,,,,,
1837,SinmeB_4441,,,,,,
1838,SinmeB_4442,,,,,,
1839,SinmeB_4443,,,,,,
1840,SinmeB_4464,,,,,,
1841,SinmeB_4467,,,,,,
1842,SinmeB_4468,,,,,,
1843,SinmeB_4469,,,,,,
1844,SinmeB_4470,,,,,,
1845,SinmeB_4471,,,,,,
1846,SinmeB_4472,,,,,,
1847,SinmeB_4473,,,,,,
1848,SinmeB_4474,,,,,,
1849,SinmeB_4475,,,,,,
1850,SinmeB_4476,,,,,,
1851,SinmeB_4489,,,,,,
1852,SinmeB_4492,,,,,,
1853,SinmeB_4493,,,,,,
1854,SinmeB_4499,,,,,,
1855,SinmeB_4500,,,,,,
1856,SinmeB_4501,,,,,,
1857,SinmeB_4520,,,,,,
1858,SinmeB_4521,,,,,,
1859,SinmeB_4522,,,,,,
1860,SinmeB_4532,,,,,,
1861,SinmeB_4543,,,,,,
1862,SinmeB_4557,,,,,,
1863,SinmeB_4570,,,,,,
1864,SinmeB_4582,,,,,,
1865,SinmeB_4591,,,,,,
1866,SinmeB_4601,,,,,,
1867,SinmeB_4617,,,,,,
1868,SinmeB_4618,,,,,,
1869,SinmeB_4621,,,,,,
1870,SinmeB_4624,,,,,,
1871,SinmeB_4634,,,,,,
1872,SinmeB_4637,,,,,,
1873,SinmeB_4639,,,,,,
1874,SinmeB_4640,,,,,,
1875,SinmeB_4641,,,,,,
1876,SinmeB_4647,,,,,,
1877,SinmeB_4659,,,,,,
1878,SinmeB_4668,,,,,,
1879,SinmeB_4710,,,,,,
1880,SinmeB_4711,,,,,,
1881,SinmeB_4719,,,,,,
1882,SinmeB_4725,,,,,,
1883,SinmeB_4728,,,,,,
1884,SinmeB_4750,,,,,,
1885,SinmeB_4751,,,,,,
1886,SinmeB_4752,,,,,,
1887,SinmeB_4753,,,,,,
1888,SinmeB_4754,,,,,,
1889,SinmeB_4794,,,,,,
1890,SinmeB_4795,,,,,,
1891,SinmeB_4796,,,,,,
1892,SinmeB_4802,,,,,,
1893,SinmeB_4811,,,,,,
1894,SinmeB_4813,,,,,,
1895,SinmeB_4817,,,,,,
1896,SinmeB_4834,,,,,,
1897,SinmeB_4836,,,,,,
1898,SinmeB_4839,,,,,,
1899,SinmeB_4846,,,,,,
1900,SinmeB_4847,,,,,,
1901,SinmeB_4866,,,,,,
1902,SinmeB_4872,,,,,,
1903,SinmeB_4874,,,,,,
1904,SinmeB_4891,,,,,,
1905,SinmeB_4904,,,,,,
1906,SinmeB_4916,,,,,,
1907,SinmeB_4917,,,,,,
1908,SinmeB_4919,,,,,,
1909,SinmeB_4920,,,,,,
1910,SinmeB_4924,,,,,,
1911,SinmeB_4925,,,,,,
1912,SinmeB_4926,,,,,,
1913,SinmeB_4943,,,,,,
1914,SinmeB_4946,,,,,,
1915,SinmeB_4948,,,,,,
1916,SinmeB_4950,,,,,,
1917,SinmeB_4951,,,,,,
1918,SinmeB_4952,,,,,,
1919,SinmeB_4953,,,,,,
1920,SinmeB_4954,,,,,,
1921,SinmeB_4955,,,,,,
1922,SinmeB_4957,,,,,,
1923,SinmeB_4964,,,,,,
1924,SinmeB_4986,,,,,,
1925,SinmeB_4989,,,,,,
1926,SinmeB_4990,,,,,,
1927,SinmeB_5001,,,,,,
1928,SinmeB_5049,,,,,,
1929,SinmeB_5069,,,,,,
1930,SinmeB_5082,,,,,,
1931,SinmeB_5083,,,,,,
1932,SinmeB_5085,,,,,,
1933,SinmeB_5087,,,,,,
1934,SinmeB_5222,,,,,,
1935,SinmeB_5228,,,,,,
1936,SinmeB_5252,,,,,,
1937,SinmeB_5253,,,,,,
1938,SinmeB_5254,,,,,,
1939,SinmeB_5255,,,,,,
1940,SinmeB_5262,,,,,,
1941,SinmeB_5263,,,,,,
1942,SinmeB_5264,,,,,,
1943,SinmeB_5265,,,,,,
1944,SinmeB_5275,,,,,,
1945,SinmeB_5276,,,,,,
1946,SinmeB_5277,,,,,,
1947,SinmeB_5278,,,,,,
1948,SinmeB_5280,,,,,,
1949,SinmeB_5281,,,,,,
1950,SinmeB_5282,,,,,,
1951,SinmeB_5283,,,,,,
1952,SinmeB_5284,,,,,,
1953,SinmeB_5296,,,,,,
1954,SinmeB_5297,,,,,,
1955,SinmeB_5298,,,,,,
1956,SinmeB_5323,,,,,,
1957,SinmeB_5327,,,,,,
1958,SinmeB_5344,,,,,,
1959,SinmeB_5345,,,,,,
1960,SinmeB_5346,,,,,,
1961,SinmeB_5347,,,,,,
1962,SinmeB_5348,,,,,,
1963,SinmeB_5349,,,,,,
1964,SinmeB_5350,,,,,,
1965,SinmeB_5352,,,,,,
1966,SinmeB_5353,,,,,,
1967,SinmeB_5359,,,,,,
1968,SinmeB_5360,,,,,,
1969,SinmeB_5361,,,,,,
1970,SinmeB_5375,,,,,,
1971,SinmeB_5388,,,,,,
1972,SinmeB_5389,,,,,,
1973,SinmeB_5390,,,,,,
1974,SinmeB_5408,,,,,,
1975,SinmeB_5422,,,,,,
1976,SinmeB_5423,,,,,,
1977,SinmeB_5424,,,,,,
1978,SinmeB_5425,,,,,,
1979,SinmeB_5443,,,,,,
1980,SinmeB_5455,,,,,,
1981,SinmeB_5470,,,,,,
1982,SinmeB_5471,,,,,,
1983,SinmeB_5472,,,,,,
1984,SinmeB_5478,,,,,,
1985,SinmeB_5479,,,,,,
1986,SinmeB_5500,,,,,,
1987,SinmeB_5501,,,,,,
1988,SinmeB_5521,,,,,,
1989,SinmeB_5539,,,,,,
1990,SinmeB_5544,,,,,,
1991,SinmeB_5545,,,,,,
1992,SinmeB_5546,,,,,,
1993,SinmeB_5547,,,,,,
1994,SinmeB_5550,,,,,,
1995,SinmeB_5564,,,,,,
1996,SinmeB_5593,,,,,,
1997,SinmeB_5639,,,,,,
1998,SinmeB_5640,,,,,,
1999,SinmeB_5641,,,,,,
2000,SinmeB_5642,,,,,,
2001,SinmeB_5643,,,,,,
2002,SinmeB_5644,,,,,,
2003,SinmeB_5645,,,,,,
2004,SinmeB_5646,,,,,,
2005,SinmeB_5647,,,,,,
2006,SinmeB_5648,,,,,,
2007,SinmeB_5649,,,,,,
2008,SinmeB_5650,,,,,,
2009,SinmeB_5652,,,,,,
2010,SinmeB_5653,,,,,,
2011,SinmeB_5654,,,,,,
2012,SinmeB_5704,,,,,,
2013,SinmeB_5734,,,,,,
2014,SinmeB_5736,,,,,,
2015,SinmeB_5745,,,,,,
2016,SinmeB_5783,,,,,,
2017,SinmeB_5784,,,,,,
2018,SinmeB_5801,,,,,,
2019,SinmeB_5814,,,,,,
2020,SinmeB_5836,,,,,,
2021,SinmeB_5865,,,,,,
2022,SinmeB_5898,,,,,,
2023,SinmeB_5911,,,,,,
2024,SinmeB_5930,,,,,,
2025,SinmeB_5931,,,,,,
2026,SinmeB_5932,,,,,,
2027,SinmeB_5933,,,,,,
2028,SinmeB_5934,,,,,,
2029,SinmeB_5935,,,,,,
2030,SinmeB_5936,,,,,,
2031,SinmeB_6008,,,,,,
2032,SinmeB_6024,,,,,,
2033,SinmeB_6176,,,,,,
2034,SinmeB_6177,,,,,,
2035,SinmeB_6178,,,,,,
2036,SinmeB_6179,,,,,,
2037,SinmeB_6180,,,,,,
2038,SinmeB_6185,,,,,,
2039,SinmeB_6196,,,,,,
2040,SinmeB_6197,,,,,,
2041,SinmeB_6208,,,,,,
2042,SinmeB_6209,,,,,,
2043,SinmeB_6237,,,,,,
2044,SinmeB_6256,,,,,,
2045,SinmeB_6268,,,,,,
2046,SinmeB_6269,,,,,,
2047,SinmeB_6270,,,,,,
2048,SinmeB_6271,,,,,,
2049,SinmeB_6301,,,,,,
2050,SinmeB_6329,,,,,,
2051,SinmeB_6330,,,,,,
2052,SinmeB_6335,,,,,,
2053,SinmeB_6376,,,,,,
2054,SinmeB_6379,,,,,,
2055,SinmeB_6420,,,,,,
2056,SinmeB_6430,,,,,,
2057,SinmeB_6439,,,,,,
2058,SinmeB_6531,,,,,,
2059,SinmeB_6532,,,,,,
2060,SinmeB_6565,,,,,,
2061,SinmeB_6588,,,,,,
2062,SinmeB_6602,,,,,,
2063,SinmeB_6611,,,,,,
2064,SinmeB_6612,,,,,,
2065,SinmeB_6613,,,,,,
2066,SinmeB_6614,,,,,,
2067,SinmeB_6616,,,,,,
2068,SinmeB_6622,,,,,,
2069,SinmeB_6637,,,,,,
2070,SinmeB_6653,,,,,,
2071,SinmeB_6659,,,,,,
2072,SinmeB_6660,,,,,,
2073,SinmeB_6662,,,,,,
2074,SinmeB_6666,,,,,,
2075,SinmeB_6667,,,,,,
2076,SinmeB_6674,,,,,,
2077,SinmeB_6706,,,,,,
